Log started 07/28/2024 at 11:53:22
Preferred installation mode : gtk
Trying to init installer in mode xwindow
Trying to init installer in mode text
Mode text successfully initialized
Preparing to Install
Preparing to Install
Creating directory /mnt/smpusdk-yocto-build/build/yocto-build_am62xx-lp-evm-rt/build/arago-tmp-default-glibc/work/x86_64-nativesdk-arago-linux/nativesdk-ti-cgt-pru/2.3.3/ti-cgt-pru-2.3.3/ti-cgt-pru_2.3.3
Unpacking files
Directory already exists: /mnt/smpusdk-yocto-build/build/yocto-build_am62xx-lp-evm-rt/build/arago-tmp-default-glibc/work/x86_64-nativesdk-arago-linux/nativesdk-ti-cgt-pru/2.3.3/ti-cgt-pru-2.3.3/ti-cgt-pru_2.3.3
Creating directory /mnt/smpusdk-yocto-build/build/yocto-build_am62xx-lp-evm-rt/build/arago-tmp-default-glibc/work/x86_64-nativesdk-arago-linux/nativesdk-ti-cgt-pru/2.3.3/ti-cgt-pru-2.3.3/ti-cgt-pru_2.3.3/man
Creating directory /mnt/smpusdk-yocto-build/build/yocto-build_am62xx-lp-evm-rt/build/arago-tmp-default-glibc/work/x86_64-nativesdk-arago-linux/nativesdk-ti-cgt-pru/2.3.3/ti-cgt-pru-2.3.3/ti-cgt-pru_2.3.3/man/man1
Creating directory /mnt/smpusdk-yocto-build/build/yocto-build_am62xx-lp-evm-rt/build/arago-tmp-default-glibc/work/x86_64-nativesdk-arago-linux/nativesdk-ti-cgt-pru/2.3.3/ti-cgt-pru-2.3.3/ti-cgt-pru_2.3.3/example
Creating directory /mnt/smpusdk-yocto-build/build/yocto-build_am62xx-lp-evm-rt/build/arago-tmp-default-glibc/work/x86_64-nativesdk-arago-linux/nativesdk-ti-cgt-pru/2.3.3/ti-cgt-pru-2.3.3/ti-cgt-pru_2.3.3/lib
Creating directory /mnt/smpusdk-yocto-build/build/yocto-build_am62xx-lp-evm-rt/build/arago-tmp-default-glibc/work/x86_64-nativesdk-arago-linux/nativesdk-ti-cgt-pru/2.3.3/ti-cgt-pru-2.3.3/ti-cgt-pru_2.3.3/lib/src
Creating directory /mnt/smpusdk-yocto-build/build/yocto-build_am62xx-lp-evm-rt/build/arago-tmp-default-glibc/work/x86_64-nativesdk-arago-linux/nativesdk-ti-cgt-pru/2.3.3/ti-cgt-pru-2.3.3/ti-cgt-pru_2.3.3/lib/src/stlport
Creating directory /mnt/smpusdk-yocto-build/build/yocto-build_am62xx-lp-evm-rt/build/arago-tmp-default-glibc/work/x86_64-nativesdk-arago-linux/nativesdk-ti-cgt-pru/2.3.3/ti-cgt-pru-2.3.3/ti-cgt-pru_2.3.3/bin
Creating directory /mnt/smpusdk-yocto-build/build/yocto-build_am62xx-lp-evm-rt/build/arago-tmp-default-glibc/work/x86_64-nativesdk-arago-linux/nativesdk-ti-cgt-pru/2.3.3/ti-cgt-pru-2.3.3/ti-cgt-pru_2.3.3/include
Creating directory /mnt/smpusdk-yocto-build/build/yocto-build_am62xx-lp-evm-rt/build/arago-tmp-default-glibc/work/x86_64-nativesdk-arago-linux/nativesdk-ti-cgt-pru/2.3.3/ti-cgt-pru-2.3.3/ti-cgt-pru_2.3.3/include/stlport
Unpacking files
Unpacking /mnt/smpusdk-yocto-build/build/yocto-build_am62xx-lp-evm-rt/build/arago-tmp-default-glibc/work/x86_64-nativesdk-arago-linux/nativesdk-ti-cgt-pru/2.3.3/ti-cgt-pru-2.3.3/ti-cgt-pru_2.3.3/bin.cmd
Unpacking /mnt/smpusdk-yocto-build/build/yocto-build_am62xx-lp-evm-rt/build/arago-tmp-default-glibc/work/x86_64-nativesdk-arago-linux/nativesdk-ti-cgt-pru/2.3.3/ti-cgt-pru-2.3.3/ti-cgt-pru_2.3.3/README.txt
Unpacking /mnt/smpusdk-yocto-build/build/yocto-build_am62xx-lp-evm-rt/build/arago-tmp-default-glibc/work/x86_64-nativesdk-arago-linux/nativesdk-ti-cgt-pru/2.3.3/ti-cgt-pru-2.3.3/ti-cgt-pru_2.3.3/Open_defects.html
Unpacking /mnt/smpusdk-yocto-build/build/yocto-build_am62xx-lp-evm-rt/build/arago-tmp-default-glibc/work/x86_64-nativesdk-arago-linux/nativesdk-ti-cgt-pru/2.3.3/ti-cgt-pru-2.3.3/ti-cgt-pru_2.3.3/PRU_Code_Generation_Tools_2.3.x_manifest.html
Unpacking /mnt/smpusdk-yocto-build/build/yocto-build_am62xx-lp-evm-rt/build/arago-tmp-default-glibc/work/x86_64-nativesdk-arago-linux/nativesdk-ti-cgt-pru/2.3.3/ti-cgt-pru-2.3.3/ti-cgt-pru_2.3.3/Closed_defects.html
Unpacking /mnt/smpusdk-yocto-build/build/yocto-build_am62xx-lp-evm-rt/build/arago-tmp-default-glibc/work/x86_64-nativesdk-arago-linux/nativesdk-ti-cgt-pru/2.3.3/ti-cgt-pru-2.3.3/ti-cgt-pru_2.3.3/pru_rts_2_3_0_82167478-F8C9-49b2-82BD-12F8550770F9.spdx
Unpacking /mnt/smpusdk-yocto-build/build/yocto-build_am62xx-lp-evm-rt/build/arago-tmp-default-glibc/work/x86_64-nativesdk-arago-linux/nativesdk-ti-cgt-pru/2.3.3/ti-cgt-pru-2.3.3/ti-cgt-pru_2.3.3/example/dummy_ARM.cmd
Unpacking /mnt/smpusdk-yocto-build/build/yocto-build_am62xx-lp-evm-rt/build/arago-tmp-default-glibc/work/x86_64-nativesdk-arago-linux/nativesdk-ti-cgt-pru/2.3.3/ti-cgt-pru-2.3.3/ti-cgt-pru_2.3.3/example/AM3359_PRU.cmd
Unpacking /mnt/smpusdk-yocto-build/build/yocto-build_am62xx-lp-evm-rt/build/arago-tmp-default-glibc/work/x86_64-nativesdk-arago-linux/nativesdk-ti-cgt-pru/2.3.3/ti-cgt-pru-2.3.3/ti-cgt-pru_2.3.3/example/PRU_to_ARM.cmd
Unpacking /mnt/smpusdk-yocto-build/build/yocto-build_am62xx-lp-evm-rt/build/arago-tmp-default-glibc/work/x86_64-nativesdk-arago-linux/nativesdk-ti-cgt-pru/2.3.3/ti-cgt-pru-2.3.3/ti-cgt-pru_2.3.3/example/test.c
Unpacking /mnt/smpusdk-yocto-build/build/yocto-build_am62xx-lp-evm-rt/build/arago-tmp-default-glibc/work/x86_64-nativesdk-arago-linux/nativesdk-ti-cgt-pru/2.3.3/ti-cgt-pru-2.3.3/ti-cgt-pru_2.3.3/example/arm.c
Unpacking /mnt/smpusdk-yocto-build/build/yocto-build_am62xx-lp-evm-rt/build/arago-tmp-default-glibc/work/x86_64-nativesdk-arago-linux/nativesdk-ti-cgt-pru/2.3.3/ti-cgt-pru-2.3.3/ti-cgt-pru_2.3.3/lib/lnk.cmd
Unpacking /mnt/smpusdk-yocto-build/build/yocto-build_am62xx-lp-evm-rt/build/arago-tmp-default-glibc/work/x86_64-nativesdk-arago-linux/nativesdk-ti-cgt-pru/2.3.3/ti-cgt-pru-2.3.3/ti-cgt-pru_2.3.3/lib/rtspruv2_be.lib
Unpacking /mnt/smpusdk-yocto-build/build/yocto-build_am62xx-lp-evm-rt/build/arago-tmp-default-glibc/work/x86_64-nativesdk-arago-linux/nativesdk-ti-cgt-pru/2.3.3/ti-cgt-pru-2.3.3/ti-cgt-pru_2.3.3/lib/rtspruv2_le.lib
Unpacking /mnt/smpusdk-yocto-build/build/yocto-build_am62xx-lp-evm-rt/build/arago-tmp-default-glibc/work/x86_64-nativesdk-arago-linux/nativesdk-ti-cgt-pru/2.3.3/ti-cgt-pru-2.3.3/ti-cgt-pru_2.3.3/lib/mklib.c
Unpacking /mnt/smpusdk-yocto-build/build/yocto-build_am62xx-lp-evm-rt/build/arago-tmp-default-glibc/work/x86_64-nativesdk-arago-linux/nativesdk-ti-cgt-pru/2.3.3/ti-cgt-pru-2.3.3/ti-cgt-pru_2.3.3/lib/rtspruv1_le.lib
Unpacking /mnt/smpusdk-yocto-build/build/yocto-build_am62xx-lp-evm-rt/build/arago-tmp-default-glibc/work/x86_64-nativesdk-arago-linux/nativesdk-ti-cgt-pru/2.3.3/ti-cgt-pru-2.3.3/ti-cgt-pru_2.3.3/lib/rtspruv1_be.lib
Unpacking /mnt/smpusdk-yocto-build/build/yocto-build_am62xx-lp-evm-rt/build/arago-tmp-default-glibc/work/x86_64-nativesdk-arago-linux/nativesdk-ti-cgt-pru/2.3.3/ti-cgt-pru-2.3.3/ti-cgt-pru_2.3.3/lib/rtspruv3_le.lib
Unpacking /mnt/smpusdk-yocto-build/build/yocto-build_am62xx-lp-evm-rt/build/arago-tmp-default-glibc/work/x86_64-nativesdk-arago-linux/nativesdk-ti-cgt-pru/2.3.3/ti-cgt-pru-2.3.3/ti-cgt-pru_2.3.3/lib/rtspruv3_be.lib
Unpacking /mnt/smpusdk-yocto-build/build/yocto-build_am62xx-lp-evm-rt/build/arago-tmp-default-glibc/work/x86_64-nativesdk-arago-linux/nativesdk-ti-cgt-pru/2.3.3/ti-cgt-pru-2.3.3/ti-cgt-pru_2.3.3/lib/mklib
Unpacking /mnt/smpusdk-yocto-build/build/yocto-build_am62xx-lp-evm-rt/build/arago-tmp-default-glibc/work/x86_64-nativesdk-arago-linux/nativesdk-ti-cgt-pru/2.3.3/ti-cgt-pru-2.3.3/ti-cgt-pru_2.3.3/lib/libc.a
Unpacking /mnt/smpusdk-yocto-build/build/yocto-build_am62xx-lp-evm-rt/build/arago-tmp-default-glibc/work/x86_64-nativesdk-arago-linux/nativesdk-ti-cgt-pru/2.3.3/ti-cgt-pru-2.3.3/ti-cgt-pru_2.3.3/lib/src/powif_i.h
Unpacking /mnt/smpusdk-yocto-build/build/yocto-build_am62xx-lp-evm-rt/build/arago-tmp-default-glibc/work/x86_64-nativesdk-arago-linux/nativesdk-ti-cgt-pru/2.3.3/ti-cgt-pru-2.3.3/ti-cgt-pru_2.3.3/lib/src/gtrf_i.h
Unpacking /mnt/smpusdk-yocto-build/build/yocto-build_am62xx-lp-evm-rt/build/arago-tmp-default-glibc/work/x86_64-nativesdk-arago-linux/nativesdk-ti-cgt-pru/2.3.3/ti-cgt-pru-2.3.3/ti-cgt-pru_2.3.3/lib/src/fabsf.c
Unpacking /mnt/smpusdk-yocto-build/build/yocto-build_am62xx-lp-evm-rt/build/arago-tmp-default-glibc/work/x86_64-nativesdk-arago-linux/nativesdk-ti-cgt-pru/2.3.3/ti-cgt-pru-2.3.3/ti-cgt-pru_2.3.3/lib/src/copy_decompress_none.c
Unpacking /mnt/smpusdk-yocto-build/build/yocto-build_am62xx-lp-evm-rt/build/arago-tmp-default-glibc/work/x86_64-nativesdk-arago-linux/nativesdk-ti-cgt-pru/2.3.3/ti-cgt-pru-2.3.3/ti-cgt-pru_2.3.3/lib/src/_mutex.h
Unpacking /mnt/smpusdk-yocto-build/build/yocto-build_am62xx-lp-evm-rt/build/arago-tmp-default-glibc/work/x86_64-nativesdk-arago-linux/nativesdk-ti-cgt-pru/2.3.3/ti-cgt-pru-2.3.3/ti-cgt-pru_2.3.3/lib/src/strings.h
Unpacking /mnt/smpusdk-yocto-build/build/yocto-build_am62xx-lp-evm-rt/build/arago-tmp-default-glibc/work/x86_64-nativesdk-arago-linux/nativesdk-ti-cgt-pru/2.3.3/ti-cgt-pru-2.3.3/ti-cgt-pru_2.3.3/lib/src/fltif.c
Unpacking /mnt/smpusdk-yocto-build/build/yocto-build_am62xx-lp-evm-rt/build/arago-tmp-default-glibc/work/x86_64-nativesdk-arago-linux/nativesdk-ti-cgt-pru/2.3.3/ti-cgt-pru-2.3.3/ti-cgt-pru_2.3.3/lib/src/cotf_i.h
Unpacking /mnt/smpusdk-yocto-build/build/yocto-build_am62xx-lp-evm-rt/build/arago-tmp-default-glibc/work/x86_64-nativesdk-arago-linux/nativesdk-ti-cgt-pru/2.3.3/ti-cgt-pru-2.3.3/ti-cgt-pru_2.3.3/lib/src/fpclassifyf.c
Unpacking /mnt/smpusdk-yocto-build/build/yocto-build_am62xx-lp-evm-rt/build/arago-tmp-default-glibc/work/x86_64-nativesdk-arago-linux/nativesdk-ti-cgt-pru/2.3.3/ti-cgt-pru-2.3.3/ti-cgt-pru_2.3.3/lib/src/pow.c
Unpacking /mnt/smpusdk-yocto-build/build/yocto-build_am62xx-lp-evm-rt/build/arago-tmp-default-glibc/work/x86_64-nativesdk-arago-linux/nativesdk-ti-cgt-pru/2.3.3/ti-cgt-pru-2.3.3/ti-cgt-pru_2.3.3/lib/src/s_csinh.c
Unpacking /mnt/smpusdk-yocto-build/build/yocto-build_am62xx-lp-evm-rt/build/arago-tmp-default-glibc/work/x86_64-nativesdk-arago-linux/nativesdk-ti-cgt-pru/2.3.3/ti-cgt-pru-2.3.3/ti-cgt-pru_2.3.3/lib/src/strdup.c
Unpacking /mnt/smpusdk-yocto-build/build/yocto-build_am62xx-lp-evm-rt/build/arago-tmp-default-glibc/work/x86_64-nativesdk-arago-linux/nativesdk-ti-cgt-pru/2.3.3/ti-cgt-pru-2.3.3/ti-cgt-pru_2.3.3/lib/src/strtoumax.c
Unpacking /mnt/smpusdk-yocto-build/build/yocto-build_am62xx-lp-evm-rt/build/arago-tmp-default-glibc/work/x86_64-nativesdk-arago-linux/nativesdk-ti-cgt-pru/2.3.3/ti-cgt-pru-2.3.3/ti-cgt-pru_2.3.3/lib/src/remlli.c
Unpacking /mnt/smpusdk-yocto-build/build/yocto-build_am62xx-lp-evm-rt/build/arago-tmp-default-glibc/work/x86_64-nativesdk-arago-linux/nativesdk-ti-cgt-pru/2.3.3/ti-cgt-pru-2.3.3/ti-cgt-pru_2.3.3/lib/src/exp10f.c
Unpacking /mnt/smpusdk-yocto-build/build/yocto-build_am62xx-lp-evm-rt/build/arago-tmp-default-glibc/work/x86_64-nativesdk-arago-linux/nativesdk-ti-cgt-pru/2.3.3/ti-cgt-pru-2.3.3/ti-cgt-pru_2.3.3/lib/src/startup.c
Unpacking /mnt/smpusdk-yocto-build/build/yocto-build_am62xx-lp-evm-rt/build/arago-tmp-default-glibc/work/x86_64-nativesdk-arago-linux/nativesdk-ti-cgt-pru/2.3.3/ti-cgt-pru-2.3.3/ti-cgt-pru_2.3.3/lib/src/strpbrk.c
Unpacking /mnt/smpusdk-yocto-build/build/yocto-build_am62xx-lp-evm-rt/build/arago-tmp-default-glibc/work/x86_64-nativesdk-arago-linux/nativesdk-ti-cgt-pru/2.3.3/ti-cgt-pru-2.3.3/ti-cgt-pru_2.3.3/lib/src/frcdivd.c
Unpacking /mnt/smpusdk-yocto-build/build/yocto-build_am62xx-lp-evm-rt/build/arago-tmp-default-glibc/work/x86_64-nativesdk-arago-linux/nativesdk-ti-cgt-pru/2.3.3/ti-cgt-pru-2.3.3/ti-cgt-pru_2.3.3/lib/src/sinf.c
Unpacking /mnt/smpusdk-yocto-build/build/yocto-build_am62xx-lp-evm-rt/build/arago-tmp-default-glibc/work/x86_64-nativesdk-arago-linux/nativesdk-ti-cgt-pru/2.3.3/ti-cgt-pru-2.3.3/ti-cgt-pru_2.3.3/lib/src/sinhf_i.h
Unpacking /mnt/smpusdk-yocto-build/build/yocto-build_am62xx-lp-evm-rt/build/arago-tmp-default-glibc/work/x86_64-nativesdk-arago-linux/nativesdk-ti-cgt-pru/2.3.3/ti-cgt-pru-2.3.3/ti-cgt-pru_2.3.3/lib/src/e_hypotf.c
Unpacking /mnt/smpusdk-yocto-build/build/yocto-build_am62xx-lp-evm-rt/build/arago-tmp-default-glibc/work/x86_64-nativesdk-arago-linux/nativesdk-ti-cgt-pru/2.3.3/ti-cgt-pru-2.3.3/ti-cgt-pru_2.3.3/lib/src/ispunct.c
Unpacking /mnt/smpusdk-yocto-build/build/yocto-build_am62xx-lp-evm-rt/build/arago-tmp-default-glibc/work/x86_64-nativesdk-arago-linux/nativesdk-ti-cgt-pru/2.3.3/ti-cgt-pru-2.3.3/ti-cgt-pru_2.3.3/lib/src/array_new.c
Unpacking /mnt/smpusdk-yocto-build/build/yocto-build_am62xx-lp-evm-rt/build/arago-tmp-default-glibc/work/x86_64-nativesdk-arago-linux/nativesdk-ti-cgt-pru/2.3.3/ti-cgt-pru-2.3.3/ti-cgt-pru_2.3.3/lib/src/fabsf_i.h
Unpacking /mnt/smpusdk-yocto-build/build/yocto-build_am62xx-lp-evm-rt/build/arago-tmp-default-glibc/work/x86_64-nativesdk-arago-linux/nativesdk-ti-cgt-pru/2.3.3/ti-cgt-pru-2.3.3/ti-cgt-pru_2.3.3/lib/src/_isfuncdef.h
Unpacking /mnt/smpusdk-yocto-build/build/yocto-build_am62xx-lp-evm-rt/build/arago-tmp-default-glibc/work/x86_64-nativesdk-arago-linux/nativesdk-ti-cgt-pru/2.3.3/ti-cgt-pru-2.3.3/ti-cgt-pru_2.3.3/lib/src/s_csqrtf.c
Unpacking /mnt/smpusdk-yocto-build/build/yocto-build_am62xx-lp-evm-rt/build/arago-tmp-default-glibc/work/x86_64-nativesdk-arago-linux/nativesdk-ti-cgt-pru/2.3.3/ti-cgt-pru-2.3.3/ti-cgt-pru_2.3.3/lib/src/fsetpos.c
Unpacking /mnt/smpusdk-yocto-build/build/yocto-build_am62xx-lp-evm-rt/build/arago-tmp-default-glibc/work/x86_64-nativesdk-arago-linux/nativesdk-ti-cgt-pru/2.3.3/ti-cgt-pru-2.3.3/ti-cgt-pru_2.3.3/lib/src/frexp.c
Unpacking /mnt/smpusdk-yocto-build/build/yocto-build_am62xx-lp-evm-rt/build/arago-tmp-default-glibc/work/x86_64-nativesdk-arago-linux/nativesdk-ti-cgt-pru/2.3.3/ti-cgt-pru-2.3.3/ti-cgt-pru_2.3.3/lib/src/formi.h
Unpacking /mnt/smpusdk-yocto-build/build/yocto-build_am62xx-lp-evm-rt/build/arago-tmp-default-glibc/work/x86_64-nativesdk-arago-linux/nativesdk-ti-cgt-pru/2.3.3/ti-cgt-pru-2.3.3/ti-cgt-pru_2.3.3/lib/src/k_exp.c
Unpacking /mnt/smpusdk-yocto-build/build/yocto-build_am62xx-lp-evm-rt/build/arago-tmp-default-glibc/work/x86_64-nativesdk-arago-linux/nativesdk-ti-cgt-pru/2.3.3/ti-cgt-pru-2.3.3/ti-cgt-pru_2.3.3/lib/src/_bufread.c
Unpacking /mnt/smpusdk-yocto-build/build/yocto-build_am62xx-lp-evm-rt/build/arago-tmp-default-glibc/work/x86_64-nativesdk-arago-linux/nativesdk-ti-cgt-pru/2.3.3/ti-cgt-pru-2.3.3/ti-cgt-pru_2.3.3/lib/src/atanhf.c
Unpacking /mnt/smpusdk-yocto-build/build/yocto-build_am62xx-lp-evm-rt/build/arago-tmp-default-glibc/work/x86_64-nativesdk-arago-linux/nativesdk-ti-cgt-pru/2.3.3/ti-cgt-pru-2.3.3/ti-cgt-pru_2.3.3/lib/src/divremx_i.h
Unpacking /mnt/smpusdk-yocto-build/build/yocto-build_am62xx-lp-evm-rt/build/arago-tmp-default-glibc/work/x86_64-nativesdk-arago-linux/nativesdk-ti-cgt-pru/2.3.3/ti-cgt-pru-2.3.3/ti-cgt-pru_2.3.3/lib/src/rewind.c
Unpacking /mnt/smpusdk-yocto-build/build/yocto-build_am62xx-lp-evm-rt/build/arago-tmp-default-glibc/work/x86_64-nativesdk-arago-linux/nativesdk-ti-cgt-pru/2.3.3/ti-cgt-pru-2.3.3/ti-cgt-pru_2.3.3/lib/src/cosf_i.h
Unpacking /mnt/smpusdk-yocto-build/build/yocto-build_am62xx-lp-evm-rt/build/arago-tmp-default-glibc/work/x86_64-nativesdk-arago-linux/nativesdk-ti-cgt-pru/2.3.3/ti-cgt-pru-2.3.3/ti-cgt-pru_2.3.3/lib/src/feof.c
Unpacking /mnt/smpusdk-yocto-build/build/yocto-build_am62xx-lp-evm-rt/build/arago-tmp-default-glibc/work/x86_64-nativesdk-arago-linux/nativesdk-ti-cgt-pru/2.3.3/ti-cgt-pru-2.3.3/ti-cgt-pru_2.3.3/lib/src/fixdlli.c
Unpacking /mnt/smpusdk-yocto-build/build/yocto-build_am62xx-lp-evm-rt/build/arago-tmp-default-glibc/work/x86_64-nativesdk-arago-linux/nativesdk-ti-cgt-pru/2.3.3/ti-cgt-pru-2.3.3/ti-cgt-pru_2.3.3/lib/src/vla_alloc.c
Unpacking /mnt/smpusdk-yocto-build/build/yocto-build_am62xx-lp-evm-rt/build/arago-tmp-default-glibc/work/x86_64-nativesdk-arago-linux/nativesdk-ti-cgt-pru/2.3.3/ti-cgt-pru-2.3.3/ti-cgt-pru_2.3.3/lib/src/acoth.c
Unpacking /mnt/smpusdk-yocto-build/build/yocto-build_am62xx-lp-evm-rt/build/arago-tmp-default-glibc/work/x86_64-nativesdk-arago-linux/nativesdk-ti-cgt-pru/2.3.3/ti-cgt-pru-2.3.3/ti-cgt-pru_2.3.3/lib/src/hostgetenv.c
Unpacking /mnt/smpusdk-yocto-build/build/yocto-build_am62xx-lp-evm-rt/build/arago-tmp-default-glibc/work/x86_64-nativesdk-arago-linux/nativesdk-ti-cgt-pru/2.3.3/ti-cgt-pru-2.3.3/ti-cgt-pru_2.3.3/lib/src/sprintf.c
Unpacking /mnt/smpusdk-yocto-build/build/yocto-build_am62xx-lp-evm-rt/build/arago-tmp-default-glibc/work/x86_64-nativesdk-arago-linux/nativesdk-ti-cgt-pru/2.3.3/ti-cgt-pru-2.3.3/ti-cgt-pru_2.3.3/lib/src/strlen.c
Unpacking /mnt/smpusdk-yocto-build/build/yocto-build_am62xx-lp-evm-rt/build/arago-tmp-default-glibc/work/x86_64-nativesdk-arago-linux/nativesdk-ti-cgt-pru/2.3.3/ti-cgt-pru-2.3.3/ti-cgt-pru_2.3.3/lib/src/fgetwc.c
Unpacking /mnt/smpusdk-yocto-build/build/yocto-build_am62xx-lp-evm-rt/build/arago-tmp-default-glibc/work/x86_64-nativesdk-arago-linux/nativesdk-ti-cgt-pru/2.3.3/ti-cgt-pru-2.3.3/ti-cgt-pru_2.3.3/lib/src/fscanf.c
Unpacking /mnt/smpusdk-yocto-build/build/yocto-build_am62xx-lp-evm-rt/build/arago-tmp-default-glibc/work/x86_64-nativesdk-arago-linux/nativesdk-ti-cgt-pru/2.3.3/ti-cgt-pru-2.3.3/ti-cgt-pru_2.3.3/lib/src/rtti.h
Unpacking /mnt/smpusdk-yocto-build/build/yocto-build_am62xx-lp-evm-rt/build/arago-tmp-default-glibc/work/x86_64-nativesdk-arago-linux/nativesdk-ti-cgt-pru/2.3.3/ti-cgt-pru-2.3.3/ti-cgt-pru_2.3.3/lib/src/divf_i.h
Unpacking /mnt/smpusdk-yocto-build/build/yocto-build_am62xx-lp-evm-rt/build/arago-tmp-default-glibc/work/x86_64-nativesdk-arago-linux/nativesdk-ti-cgt-pru/2.3.3/ti-cgt-pru-2.3.3/ti-cgt-pru_2.3.3/lib/src/fixfi.c
Unpacking /mnt/smpusdk-yocto-build/build/yocto-build_am62xx-lp-evm-rt/build/arago-tmp-default-glibc/work/x86_64-nativesdk-arago-linux/nativesdk-ti-cgt-pru/2.3.3/ti-cgt-pru-2.3.3/ti-cgt-pru_2.3.3/lib/src/lef.c
Unpacking /mnt/smpusdk-yocto-build/build/yocto-build_am62xx-lp-evm-rt/build/arago-tmp-default-glibc/work/x86_64-nativesdk-arago-linux/nativesdk-ti-cgt-pru/2.3.3/ti-cgt-pru-2.3.3/ti-cgt-pru_2.3.3/lib/src/fgets.c
Unpacking /mnt/smpusdk-yocto-build/build/yocto-build_am62xx-lp-evm-rt/build/arago-tmp-default-glibc/work/x86_64-nativesdk-arago-linux/nativesdk-ti-cgt-pru/2.3.3/ti-cgt-pru-2.3.3/ti-cgt-pru_2.3.3/lib/src/wmemset.c
Unpacking /mnt/smpusdk-yocto-build/build/yocto-build_am62xx-lp-evm-rt/build/arago-tmp-default-glibc/work/x86_64-nativesdk-arago-linux/nativesdk-ti-cgt-pru/2.3.3/ti-cgt-pru-2.3.3/ti-cgt-pru_2.3.3/lib/src/frcdivd.h
Unpacking /mnt/smpusdk-yocto-build/build/yocto-build_am62xx-lp-evm-rt/build/arago-tmp-default-glibc/work/x86_64-nativesdk-arago-linux/nativesdk-ti-cgt-pru/2.3.3/ti-cgt-pru-2.3.3/ti-cgt-pru_2.3.3/lib/src/strrchr.c
Unpacking /mnt/smpusdk-yocto-build/build/yocto-build_am62xx-lp-evm-rt/build/arago-tmp-default-glibc/work/x86_64-nativesdk-arago-linux/nativesdk-ti-cgt-pru/2.3.3/ti-cgt-pru-2.3.3/ti-cgt-pru_2.3.3/lib/src/tmpfile.c
Unpacking /mnt/smpusdk-yocto-build/build/yocto-build_am62xx-lp-evm-rt/build/arago-tmp-default-glibc/work/x86_64-nativesdk-arago-linux/nativesdk-ti-cgt-pru/2.3.3/ti-cgt-pru-2.3.3/ti-cgt-pru_2.3.3/lib/src/asctime.c
Unpacking /mnt/smpusdk-yocto-build/build/yocto-build_am62xx-lp-evm-rt/build/arago-tmp-default-glibc/work/x86_64-nativesdk-arago-linux/nativesdk-ti-cgt-pru/2.3.3/ti-cgt-pru-2.3.3/ti-cgt-pru_2.3.3/lib/src/_printfi_min.c
Unpacking /mnt/smpusdk-yocto-build/build/yocto-build_am62xx-lp-evm-rt/build/arago-tmp-default-glibc/work/x86_64-nativesdk-arago-linux/nativesdk-ti-cgt-pru/2.3.3/ti-cgt-pru-2.3.3/ti-cgt-pru_2.3.3/lib/src/fixfu.c
Unpacking /mnt/smpusdk-yocto-build/build/yocto-build_am62xx-lp-evm-rt/build/arago-tmp-default-glibc/work/x86_64-nativesdk-arago-linux/nativesdk-ti-cgt-pru/2.3.3/ti-cgt-pru-2.3.3/ti-cgt-pru_2.3.3/lib/src/w_cabsf.c
Unpacking /mnt/smpusdk-yocto-build/build/yocto-build_am62xx-lp-evm-rt/build/arago-tmp-default-glibc/work/x86_64-nativesdk-arago-linux/nativesdk-ti-cgt-pru/2.3.3/ti-cgt-pru-2.3.3/ti-cgt-pru_2.3.3/lib/src/fcvt.c
Unpacking /mnt/smpusdk-yocto-build/build/yocto-build_am62xx-lp-evm-rt/build/arago-tmp-default-glibc/work/x86_64-nativesdk-arago-linux/nativesdk-ti-cgt-pru/2.3.3/ti-cgt-pru-2.3.3/ti-cgt-pru_2.3.3/lib/src/array_nodel.c
Unpacking /mnt/smpusdk-yocto-build/build/yocto-build_am62xx-lp-evm-rt/build/arago-tmp-default-glibc/work/x86_64-nativesdk-arago-linux/nativesdk-ti-cgt-pru/2.3.3/ti-cgt-pru-2.3.3/ti-cgt-pru_2.3.3/lib/src/isfinitef_i.h
Unpacking /mnt/smpusdk-yocto-build/build/yocto-build_am62xx-lp-evm-rt/build/arago-tmp-default-glibc/work/x86_64-nativesdk-arago-linux/nativesdk-ti-cgt-pru/2.3.3/ti-cgt-pru-2.3.3/ti-cgt-pru_2.3.3/lib/src/typeinfo.stdh
Unpacking /mnt/smpusdk-yocto-build/build/yocto-build_am62xx-lp-evm-rt/build/arago-tmp-default-glibc/work/x86_64-nativesdk-arago-linux/nativesdk-ti-cgt-pru/2.3.3/ti-cgt-pru-2.3.3/ti-cgt-pru_2.3.3/lib/src/frcmpyf.c
Unpacking /mnt/smpusdk-yocto-build/build/yocto-build_am62xx-lp-evm-rt/build/arago-tmp-default-glibc/work/x86_64-nativesdk-arago-linux/nativesdk-ti-cgt-pru/2.3.3/ti-cgt-pru-2.3.3/ti-cgt-pru_2.3.3/lib/src/errno.c
Unpacking /mnt/smpusdk-yocto-build/build/yocto-build_am62xx-lp-evm-rt/build/arago-tmp-default-glibc/work/x86_64-nativesdk-arago-linux/nativesdk-ti-cgt-pru/2.3.3/ti-cgt-pru-2.3.3/ti-cgt-pru_2.3.3/lib/src/acot2f_i.h
Unpacking /mnt/smpusdk-yocto-build/build/yocto-build_am62xx-lp-evm-rt/build/arago-tmp-default-glibc/work/x86_64-nativesdk-arago-linux/nativesdk-ti-cgt-pru/2.3.3/ti-cgt-pru-2.3.3/ti-cgt-pru_2.3.3/lib/src/subf_i.h
Unpacking /mnt/smpusdk-yocto-build/build/yocto-build_am62xx-lp-evm-rt/build/arago-tmp-default-glibc/work/x86_64-nativesdk-arago-linux/nativesdk-ti-cgt-pru/2.3.3/ti-cgt-pru-2.3.3/ti-cgt-pru_2.3.3/lib/src/ftell.c
Unpacking /mnt/smpusdk-yocto-build/build/yocto-build_am62xx-lp-evm-rt/build/arago-tmp-default-glibc/work/x86_64-nativesdk-arago-linux/nativesdk-ti-cgt-pru/2.3.3/ti-cgt-pru-2.3.3/ti-cgt-pru_2.3.3/lib/src/negd.c
Unpacking /mnt/smpusdk-yocto-build/build/yocto-build_am62xx-lp-evm-rt/build/arago-tmp-default-glibc/work/x86_64-nativesdk-arago-linux/nativesdk-ti-cgt-pru/2.3.3/ti-cgt-pru-2.3.3/ti-cgt-pru_2.3.3/lib/src/wctype.h
Unpacking /mnt/smpusdk-yocto-build/build/yocto-build_am62xx-lp-evm-rt/build/arago-tmp-default-glibc/work/x86_64-nativesdk-arago-linux/nativesdk-ti-cgt-pru/2.3.3/ti-cgt-pru-2.3.3/ti-cgt-pru_2.3.3/lib/src/log.c
Unpacking /mnt/smpusdk-yocto-build/build/yocto-build_am62xx-lp-evm-rt/build/arago-tmp-default-glibc/work/x86_64-nativesdk-arago-linux/nativesdk-ti-cgt-pru/2.3.3/ti-cgt-pru-2.3.3/ti-cgt-pru_2.3.3/lib/src/acot2f.c
Unpacking /mnt/smpusdk-yocto-build/build/yocto-build_am62xx-lp-evm-rt/build/arago-tmp-default-glibc/work/x86_64-nativesdk-arago-linux/nativesdk-ti-cgt-pru/2.3.3/ti-cgt-pru-2.3.3/ti-cgt-pru_2.3.3/lib/src/acoshf_i.h
Unpacking /mnt/smpusdk-yocto-build/build/yocto-build_am62xx-lp-evm-rt/build/arago-tmp-default-glibc/work/x86_64-nativesdk-arago-linux/nativesdk-ti-cgt-pru/2.3.3/ti-cgt-pru-2.3.3/ti-cgt-pru_2.3.3/lib/src/wmemchr.c
Unpacking /mnt/smpusdk-yocto-build/build/yocto-build_am62xx-lp-evm-rt/build/arago-tmp-default-glibc/work/x86_64-nativesdk-arago-linux/nativesdk-ti-cgt-pru/2.3.3/ti-cgt-pru-2.3.3/ti-cgt-pru_2.3.3/lib/src/divi_c.c
Unpacking /mnt/smpusdk-yocto-build/build/yocto-build_am62xx-lp-evm-rt/build/arago-tmp-default-glibc/work/x86_64-nativesdk-arago-linux/nativesdk-ti-cgt-pru/2.3.3/ti-cgt-pru-2.3.3/ti-cgt-pru_2.3.3/lib/src/strspn.c
Unpacking /mnt/smpusdk-yocto-build/build/yocto-build_am62xx-lp-evm-rt/build/arago-tmp-default-glibc/work/x86_64-nativesdk-arago-linux/nativesdk-ti-cgt-pru/2.3.3/ti-cgt-pru-2.3.3/ti-cgt-pru_2.3.3/lib/src/s_cpowl.c
Unpacking /mnt/smpusdk-yocto-build/build/yocto-build_am62xx-lp-evm-rt/build/arago-tmp-default-glibc/work/x86_64-nativesdk-arago-linux/nativesdk-ti-cgt-pru/2.3.3/ti-cgt-pru-2.3.3/ti-cgt-pru_2.3.3/lib/src/frcaddf.c
Unpacking /mnt/smpusdk-yocto-build/build/yocto-build_am62xx-lp-evm-rt/build/arago-tmp-default-glibc/work/x86_64-nativesdk-arago-linux/nativesdk-ti-cgt-pru/2.3.3/ti-cgt-pru-2.3.3/ti-cgt-pru_2.3.3/lib/src/tanhf.c
Unpacking /mnt/smpusdk-yocto-build/build/yocto-build_am62xx-lp-evm-rt/build/arago-tmp-default-glibc/work/x86_64-nativesdk-arago-linux/nativesdk-ti-cgt-pru/2.3.3/ti-cgt-pru-2.3.3/ti-cgt-pru_2.3.3/lib/src/s_carg.c
Unpacking /mnt/smpusdk-yocto-build/build/yocto-build_am62xx-lp-evm-rt/build/arago-tmp-default-glibc/work/x86_64-nativesdk-arago-linux/nativesdk-ti-cgt-pru/2.3.3/ti-cgt-pru-2.3.3/ti-cgt-pru_2.3.3/lib/src/atan.c
Unpacking /mnt/smpusdk-yocto-build/build/yocto-build_am62xx-lp-evm-rt/build/arago-tmp-default-glibc/work/x86_64-nativesdk-arago-linux/nativesdk-ti-cgt-pru/2.3.3/ti-cgt-pru-2.3.3/ti-cgt-pru_2.3.3/lib/src/remull.c
Unpacking /mnt/smpusdk-yocto-build/build/yocto-build_am62xx-lp-evm-rt/build/arago-tmp-default-glibc/work/x86_64-nativesdk-arago-linux/nativesdk-ti-cgt-pru/2.3.3/ti-cgt-pru-2.3.3/ti-cgt-pru_2.3.3/lib/src/absf.c
Unpacking /mnt/smpusdk-yocto-build/build/yocto-build_am62xx-lp-evm-rt/build/arago-tmp-default-glibc/work/x86_64-nativesdk-arago-linux/nativesdk-ti-cgt-pru/2.3.3/ti-cgt-pru-2.3.3/ti-cgt-pru_2.3.3/lib/src/array_nonew.c
Unpacking /mnt/smpusdk-yocto-build/build/yocto-build_am62xx-lp-evm-rt/build/arago-tmp-default-glibc/work/x86_64-nativesdk-arago-linux/nativesdk-ti-cgt-pru/2.3.3/ti-cgt-pru-2.3.3/ti-cgt-pru_2.3.3/lib/src/tanf.c
Unpacking /mnt/smpusdk-yocto-build/build/yocto-build_am62xx-lp-evm-rt/build/arago-tmp-default-glibc/work/x86_64-nativesdk-arago-linux/nativesdk-ti-cgt-pru/2.3.3/ti-cgt-pru-2.3.3/ti-cgt-pru_2.3.3/lib/src/stdio.h
Unpacking /mnt/smpusdk-yocto-build/build/yocto-build_am62xx-lp-evm-rt/build/arago-tmp-default-glibc/work/x86_64-nativesdk-arago-linux/nativesdk-ti-cgt-pru/2.3.3/ti-cgt-pru-2.3.3/ti-cgt-pru_2.3.3/lib/src/delete.c
Unpacking /mnt/smpusdk-yocto-build/build/yocto-build_am62xx-lp-evm-rt/build/arago-tmp-default-glibc/work/x86_64-nativesdk-arago-linux/nativesdk-ti-cgt-pru/2.3.3/ti-cgt-pru-2.3.3/ti-cgt-pru_2.3.3/lib/src/s_ctanhf.c
Unpacking /mnt/smpusdk-yocto-build/build/yocto-build_am62xx-lp-evm-rt/build/arago-tmp-default-glibc/work/x86_64-nativesdk-arago-linux/nativesdk-ti-cgt-pru/2.3.3/ti-cgt-pru-2.3.3/ti-cgt-pru_2.3.3/lib/src/asri.c
Unpacking /mnt/smpusdk-yocto-build/build/yocto-build_am62xx-lp-evm-rt/build/arago-tmp-default-glibc/work/x86_64-nativesdk-arago-linux/nativesdk-ti-cgt-pru/2.3.3/ti-cgt-pru-2.3.3/ti-cgt-pru_2.3.3/lib/src/setjmp.asm
Unpacking /mnt/smpusdk-yocto-build/build/yocto-build_am62xx-lp-evm-rt/build/arago-tmp-default-glibc/work/x86_64-nativesdk-arago-linux/nativesdk-ti-cgt-pru/2.3.3/ti-cgt-pru-2.3.3/ti-cgt-pru_2.3.3/lib/src/defines.h
Unpacking /mnt/smpusdk-yocto-build/build/yocto-build_am62xx-lp-evm-rt/build/arago-tmp-default-glibc/work/x86_64-nativesdk-arago-linux/nativesdk-ti-cgt-pru/2.3.3/ti-cgt-pru-2.3.3/ti-cgt-pru_2.3.3/lib/src/iscntrl.c
Unpacking /mnt/smpusdk-yocto-build/build/yocto-build_am62xx-lp-evm-rt/build/arago-tmp-default-glibc/work/x86_64-nativesdk-arago-linux/nativesdk-ti-cgt-pru/2.3.3/ti-cgt-pru-2.3.3/ti-cgt-pru_2.3.3/lib/src/memccpy.c
Unpacking /mnt/smpusdk-yocto-build/build/yocto-build_am62xx-lp-evm-rt/build/arago-tmp-default-glibc/work/x86_64-nativesdk-arago-linux/nativesdk-ti-cgt-pru/2.3.3/ti-cgt-pru-2.3.3/ti-cgt-pru_2.3.3/lib/src/boot.c
Unpacking /mnt/smpusdk-yocto-build/build/yocto-build_am62xx-lp-evm-rt/build/arago-tmp-default-glibc/work/x86_64-nativesdk-arago-linux/nativesdk-ti-cgt-pru/2.3.3/ti-cgt-pru-2.3.3/ti-cgt-pru_2.3.3/lib/src/stdlib.h
Unpacking /mnt/smpusdk-yocto-build/build/yocto-build_am62xx-lp-evm-rt/build/arago-tmp-default-glibc/work/x86_64-nativesdk-arago-linux/nativesdk-ti-cgt-pru/2.3.3/ti-cgt-pru-2.3.3/ti-cgt-pru_2.3.3/lib/src/powf.c
Unpacking /mnt/smpusdk-yocto-build/build/yocto-build_am62xx-lp-evm-rt/build/arago-tmp-default-glibc/work/x86_64-nativesdk-arago-linux/nativesdk-ti-cgt-pru/2.3.3/ti-cgt-pru-2.3.3/ti-cgt-pru_2.3.3/lib/src/placedel.c
Unpacking /mnt/smpusdk-yocto-build/build/yocto-build_am62xx-lp-evm-rt/build/arago-tmp-default-glibc/work/x86_64-nativesdk-arago-linux/nativesdk-ti-cgt-pru/2.3.3/ti-cgt-pru-2.3.3/ti-cgt-pru_2.3.3/lib/src/wcslen.c
Unpacking /mnt/smpusdk-yocto-build/build/yocto-build_am62xx-lp-evm-rt/build/arago-tmp-default-glibc/work/x86_64-nativesdk-arago-linux/nativesdk-ti-cgt-pru/2.3.3/ti-cgt-pru-2.3.3/ti-cgt-pru_2.3.3/lib/src/strtoll.c
Unpacking /mnt/smpusdk-yocto-build/build/yocto-build_am62xx-lp-evm-rt/build/arago-tmp-default-glibc/work/x86_64-nativesdk-arago-linux/nativesdk-ti-cgt-pru/2.3.3/ti-cgt-pru-2.3.3/ti-cgt-pru_2.3.3/lib/src/global.h
Unpacking /mnt/smpusdk-yocto-build/build/yocto-build_am62xx-lp-evm-rt/build/arago-tmp-default-glibc/work/x86_64-nativesdk-arago-linux/nativesdk-ti-cgt-pru/2.3.3/ti-cgt-pru-2.3.3/ti-cgt-pru_2.3.3/lib/src/atan2f_i.h
Unpacking /mnt/smpusdk-yocto-build/build/yocto-build_am62xx-lp-evm-rt/build/arago-tmp-default-glibc/work/x86_64-nativesdk-arago-linux/nativesdk-ti-cgt-pru/2.3.3/ti-cgt-pru-2.3.3/ti-cgt-pru_2.3.3/lib/src/islower.c
Unpacking /mnt/smpusdk-yocto-build/build/yocto-build_am62xx-lp-evm-rt/build/arago-tmp-default-glibc/work/x86_64-nativesdk-arago-linux/nativesdk-ti-cgt-pru/2.3.3/ti-cgt-pru-2.3.3/ti-cgt-pru_2.3.3/lib/src/acosf.c
Unpacking /mnt/smpusdk-yocto-build/build/yocto-build_am62xx-lp-evm-rt/build/arago-tmp-default-glibc/work/x86_64-nativesdk-arago-linux/nativesdk-ti-cgt-pru/2.3.3/ti-cgt-pru-2.3.3/ti-cgt-pru_2.3.3/lib/src/eh_util.c
Unpacking /mnt/smpusdk-yocto-build/build/yocto-build_am62xx-lp-evm-rt/build/arago-tmp-default-glibc/work/x86_64-nativesdk-arago-linux/nativesdk-ti-cgt-pru/2.3.3/ti-cgt-pru-2.3.3/ti-cgt-pru_2.3.3/lib/src/ieeed.h
Unpacking /mnt/smpusdk-yocto-build/build/yocto-build_am62xx-lp-evm-rt/build/arago-tmp-default-glibc/work/x86_64-nativesdk-arago-linux/nativesdk-ti-cgt-pru/2.3.3/ti-cgt-pru-2.3.3/ti-cgt-pru_2.3.3/lib/src/expf.c
Unpacking /mnt/smpusdk-yocto-build/build/yocto-build_am62xx-lp-evm-rt/build/arago-tmp-default-glibc/work/x86_64-nativesdk-arago-linux/nativesdk-ti-cgt-pru/2.3.3/ti-cgt-pru-2.3.3/ti-cgt-pru_2.3.3/lib/src/trgmsg.c
Unpacking /mnt/smpusdk-yocto-build/build/yocto-build_am62xx-lp-evm-rt/build/arago-tmp-default-glibc/work/x86_64-nativesdk-arago-linux/nativesdk-ti-cgt-pru/2.3.3/ti-cgt-pru-2.3.3/ti-cgt-pru_2.3.3/lib/src/cosh.c
Unpacking /mnt/smpusdk-yocto-build/build/yocto-build_am62xx-lp-evm-rt/build/arago-tmp-default-glibc/work/x86_64-nativesdk-arago-linux/nativesdk-ti-cgt-pru/2.3.3/ti-cgt-pru-2.3.3/ti-cgt-pru_2.3.3/lib/src/strftime.c
Unpacking /mnt/smpusdk-yocto-build/build/yocto-build_am62xx-lp-evm-rt/build/arago-tmp-default-glibc/work/x86_64-nativesdk-arago-linux/nativesdk-ti-cgt-pru/2.3.3/ti-cgt-pru-2.3.3/ti-cgt-pru_2.3.3/lib/src/memcpy.asm
Unpacking /mnt/smpusdk-yocto-build/build/yocto-build_am62xx-lp-evm-rt/build/arago-tmp-default-glibc/work/x86_64-nativesdk-arago-linux/nativesdk-ti-cgt-pru/2.3.3/ti-cgt-pru-2.3.3/ti-cgt-pru_2.3.3/lib/src/throw.c
Unpacking /mnt/smpusdk-yocto-build/build/yocto-build_am62xx-lp-evm-rt/build/arago-tmp-default-glibc/work/x86_64-nativesdk-arago-linux/nativesdk-ti-cgt-pru/2.3.3/ti-cgt-pru-2.3.3/ti-cgt-pru_2.3.3/lib/src/strtof.c
Unpacking /mnt/smpusdk-yocto-build/build/yocto-build_am62xx-lp-evm-rt/build/arago-tmp-default-glibc/work/x86_64-nativesdk-arago-linux/nativesdk-ti-cgt-pru/2.3.3/ti-cgt-pru-2.3.3/ti-cgt-pru_2.3.3/lib/src/acothf.c
Unpacking /mnt/smpusdk-yocto-build/build/yocto-build_am62xx-lp-evm-rt/build/arago-tmp-default-glibc/work/x86_64-nativesdk-arago-linux/nativesdk-ti-cgt-pru/2.3.3/ti-cgt-pru-2.3.3/ti-cgt-pru_2.3.3/lib/src/strncmp.c
Unpacking /mnt/smpusdk-yocto-build/build/yocto-build_am62xx-lp-evm-rt/build/arago-tmp-default-glibc/work/x86_64-nativesdk-arago-linux/nativesdk-ti-cgt-pru/2.3.3/ti-cgt-pru-2.3.3/ti-cgt-pru_2.3.3/lib/src/defs.c
Unpacking /mnt/smpusdk-yocto-build/build/yocto-build_am62xx-lp-evm-rt/build/arago-tmp-default-glibc/work/x86_64-nativesdk-arago-linux/nativesdk-ti-cgt-pru/2.3.3/ti-cgt-pru-2.3.3/ti-cgt-pru_2.3.3/lib/src/difftime.c
Unpacking /mnt/smpusdk-yocto-build/build/yocto-build_am62xx-lp-evm-rt/build/arago-tmp-default-glibc/work/x86_64-nativesdk-arago-linux/nativesdk-ti-cgt-pru/2.3.3/ti-cgt-pru-2.3.3/ti-cgt-pru_2.3.3/lib/src/ecvt.c
Unpacking /mnt/smpusdk-yocto-build/build/yocto-build_am62xx-lp-evm-rt/build/arago-tmp-default-glibc/work/x86_64-nativesdk-arago-linux/nativesdk-ti-cgt-pru/2.3.3/ti-cgt-pru-2.3.3/ti-cgt-pru_2.3.3/lib/src/rsqrtf.c
Unpacking /mnt/smpusdk-yocto-build/build/yocto-build_am62xx-lp-evm-rt/build/arago-tmp-default-glibc/work/x86_64-nativesdk-arago-linux/nativesdk-ti-cgt-pru/2.3.3/ti-cgt-pru-2.3.3/ti-cgt-pru_2.3.3/lib/src/fabs.c
Unpacking /mnt/smpusdk-yocto-build/build/yocto-build_am62xx-lp-evm-rt/build/arago-tmp-default-glibc/work/x86_64-nativesdk-arago-linux/nativesdk-ti-cgt-pru/2.3.3/ti-cgt-pru-2.3.3/ti-cgt-pru_2.3.3/lib/src/fixful.c
Unpacking /mnt/smpusdk-yocto-build/build/yocto-build_am62xx-lp-evm-rt/build/arago-tmp-default-glibc/work/x86_64-nativesdk-arago-linux/nativesdk-ti-cgt-pru/2.3.3/ti-cgt-pru-2.3.3/ti-cgt-pru_2.3.3/lib/src/runtime.h
Unpacking /mnt/smpusdk-yocto-build/build/yocto-build_am62xx-lp-evm-rt/build/arago-tmp-default-glibc/work/x86_64-nativesdk-arago-linux/nativesdk-ti-cgt-pru/2.3.3/ti-cgt-pru-2.3.3/ti-cgt-pru_2.3.3/lib/src/coth.c
Unpacking /mnt/smpusdk-yocto-build/build/yocto-build_am62xx-lp-evm-rt/build/arago-tmp-default-glibc/work/x86_64-nativesdk-arago-linux/nativesdk-ti-cgt-pru/2.3.3/ti-cgt-pru-2.3.3/ti-cgt-pru_2.3.3/lib/src/wmemcmp.c
Unpacking /mnt/smpusdk-yocto-build/build/yocto-build_am62xx-lp-evm-rt/build/arago-tmp-default-glibc/work/x86_64-nativesdk-arago-linux/nativesdk-ti-cgt-pru/2.3.3/ti-cgt-pru-2.3.3/ti-cgt-pru_2.3.3/lib/src/bzero.c
Unpacking /mnt/smpusdk-yocto-build/build/yocto-build_am62xx-lp-evm-rt/build/arago-tmp-default-glibc/work/x86_64-nativesdk-arago-linux/nativesdk-ti-cgt-pru/2.3.3/ti-cgt-pru-2.3.3/ti-cgt-pru_2.3.3/lib/src/sinh.c
Unpacking /mnt/smpusdk-yocto-build/build/yocto-build_am62xx-lp-evm-rt/build/arago-tmp-default-glibc/work/x86_64-nativesdk-arago-linux/nativesdk-ti-cgt-pru/2.3.3/ti-cgt-pru-2.3.3/ti-cgt-pru_2.3.3/lib/src/s_cproj.c
Unpacking /mnt/smpusdk-yocto-build/build/yocto-build_am62xx-lp-evm-rt/build/arago-tmp-default-glibc/work/x86_64-nativesdk-arago-linux/nativesdk-ti-cgt-pru/2.3.3/ti-cgt-pru-2.3.3/ti-cgt-pru_2.3.3/lib/src/_io_perm.c
Unpacking /mnt/smpusdk-yocto-build/build/yocto-build_am62xx-lp-evm-rt/build/arago-tmp-default-glibc/work/x86_64-nativesdk-arago-linux/nativesdk-ti-cgt-pru/2.3.3/ti-cgt-pru-2.3.3/ti-cgt-pru_2.3.3/lib/src/ldexpf_i.h
Unpacking /mnt/smpusdk-yocto-build/build/yocto-build_am62xx-lp-evm-rt/build/arago-tmp-default-glibc/work/x86_64-nativesdk-arago-linux/nativesdk-ti-cgt-pru/2.3.3/ti-cgt-pru-2.3.3/ti-cgt-pru_2.3.3/lib/src/cos.c
Unpacking /mnt/smpusdk-yocto-build/build/yocto-build_am62xx-lp-evm-rt/build/arago-tmp-default-glibc/work/x86_64-nativesdk-arago-linux/nativesdk-ti-cgt-pru/2.3.3/ti-cgt-pru-2.3.3/ti-cgt-pru_2.3.3/lib/src/formi64.h
Unpacking /mnt/smpusdk-yocto-build/build/yocto-build_am62xx-lp-evm-rt/build/arago-tmp-default-glibc/work/x86_64-nativesdk-arago-linux/nativesdk-ti-cgt-pru/2.3.3/ti-cgt-pru-2.3.3/ti-cgt-pru_2.3.3/lib/src/complex
Unpacking /mnt/smpusdk-yocto-build/build/yocto-build_am62xx-lp-evm-rt/build/arago-tmp-default-glibc/work/x86_64-nativesdk-arago-linux/nativesdk-ti-cgt-pru/2.3.3/ti-cgt-pru-2.3.3/ti-cgt-pru_2.3.3/lib/src/neqld.c
Unpacking /mnt/smpusdk-yocto-build/build/yocto-build_am62xx-lp-evm-rt/build/arago-tmp-default-glibc/work/x86_64-nativesdk-arago-linux/nativesdk-ti-cgt-pru/2.3.3/ti-cgt-pru-2.3.3/ti-cgt-pru_2.3.3/lib/src/config.h
Unpacking /mnt/smpusdk-yocto-build/build/yocto-build_am62xx-lp-evm-rt/build/arago-tmp-default-glibc/work/x86_64-nativesdk-arago-linux/nativesdk-ti-cgt-pru/2.3.3/ti-cgt-pru-2.3.3/ti-cgt-pru_2.3.3/lib/src/errno.h
Unpacking /mnt/smpusdk-yocto-build/build/yocto-build_am62xx-lp-evm-rt/build/arago-tmp-default-glibc/work/x86_64-nativesdk-arago-linux/nativesdk-ti-cgt-pru/2.3.3/ti-cgt-pru-2.3.3/ti-cgt-pru_2.3.3/lib/src/isspace.c
Unpacking /mnt/smpusdk-yocto-build/build/yocto-build_am62xx-lp-evm-rt/build/arago-tmp-default-glibc/work/x86_64-nativesdk-arago-linux/nativesdk-ti-cgt-pru/2.3.3/ti-cgt-pru-2.3.3/ti-cgt-pru_2.3.3/lib/src/eqld.c
Unpacking /mnt/smpusdk-yocto-build/build/yocto-build_am62xx-lp-evm-rt/build/arago-tmp-default-glibc/work/x86_64-nativesdk-arago-linux/nativesdk-ti-cgt-pru/2.3.3/ti-cgt-pru-2.3.3/ti-cgt-pru_2.3.3/lib/src/wcscmp.c
Unpacking /mnt/smpusdk-yocto-build/build/yocto-build_am62xx-lp-evm-rt/build/arago-tmp-default-glibc/work/x86_64-nativesdk-arago-linux/nativesdk-ti-cgt-pru/2.3.3/ti-cgt-pru-2.3.3/ti-cgt-pru_2.3.3/lib/src/s_cargl.c
Unpacking /mnt/smpusdk-yocto-build/build/yocto-build_am62xx-lp-evm-rt/build/arago-tmp-default-glibc/work/x86_64-nativesdk-arago-linux/nativesdk-ti-cgt-pru/2.3.3/ti-cgt-pru-2.3.3/ti-cgt-pru_2.3.3/lib/src/sinhf.c
Unpacking /mnt/smpusdk-yocto-build/build/yocto-build_am62xx-lp-evm-rt/build/arago-tmp-default-glibc/work/x86_64-nativesdk-arago-linux/nativesdk-ti-cgt-pru/2.3.3/ti-cgt-pru-2.3.3/ti-cgt-pru_2.3.3/lib/src/fixfx_i.h
Unpacking /mnt/smpusdk-yocto-build/build/yocto-build_am62xx-lp-evm-rt/build/arago-tmp-default-glibc/work/x86_64-nativesdk-arago-linux/nativesdk-ti-cgt-pru/2.3.3/ti-cgt-pru-2.3.3/ti-cgt-pru_2.3.3/lib/src/bsearch.c
Unpacking /mnt/smpusdk-yocto-build/build/yocto-build_am62xx-lp-evm-rt/build/arago-tmp-default-glibc/work/x86_64-nativesdk-arago-linux/nativesdk-ti-cgt-pru/2.3.3/ti-cgt-pru-2.3.3/ti-cgt-pru_2.3.3/lib/src/rindex.c
Unpacking /mnt/smpusdk-yocto-build/build/yocto-build_am62xx-lp-evm-rt/build/arago-tmp-default-glibc/work/x86_64-nativesdk-arago-linux/nativesdk-ti-cgt-pru/2.3.3/ti-cgt-pru-2.3.3/ti-cgt-pru_2.3.3/lib/src/exp2.c
Unpacking /mnt/smpusdk-yocto-build/build/yocto-build_am62xx-lp-evm-rt/build/arago-tmp-default-glibc/work/x86_64-nativesdk-arago-linux/nativesdk-ti-cgt-pru/2.3.3/ti-cgt-pru-2.3.3/ti-cgt-pru_2.3.3/lib/src/tanf_i.h
Unpacking /mnt/smpusdk-yocto-build/build/yocto-build_am62xx-lp-evm-rt/build/arago-tmp-default-glibc/work/x86_64-nativesdk-arago-linux/nativesdk-ti-cgt-pru/2.3.3/ti-cgt-pru-2.3.3/ti-cgt-pru_2.3.3/lib/src/strtod.c
Unpacking /mnt/smpusdk-yocto-build/build/yocto-build_am62xx-lp-evm-rt/build/arago-tmp-default-glibc/work/x86_64-nativesdk-arago-linux/nativesdk-ti-cgt-pru/2.3.3/ti-cgt-pru-2.3.3/ti-cgt-pru_2.3.3/lib/src/round.c
Unpacking /mnt/smpusdk-yocto-build/build/yocto-build_am62xx-lp-evm-rt/build/arago-tmp-default-glibc/work/x86_64-nativesdk-arago-linux/nativesdk-ti-cgt-pru/2.3.3/ti-cgt-pru-2.3.3/ti-cgt-pru_2.3.3/lib/src/truncf_i.h
Unpacking /mnt/smpusdk-yocto-build/build/yocto-build_am62xx-lp-evm-rt/build/arago-tmp-default-glibc/work/x86_64-nativesdk-arago-linux/nativesdk-ti-cgt-pru/2.3.3/ti-cgt-pru-2.3.3/ti-cgt-pru_2.3.3/lib/src/cmpd.c
Unpacking /mnt/smpusdk-yocto-build/build/yocto-build_am62xx-lp-evm-rt/build/arago-tmp-default-glibc/work/x86_64-nativesdk-arago-linux/nativesdk-ti-cgt-pru/2.3.3/ti-cgt-pru-2.3.3/ti-cgt-pru_2.3.3/lib/src/unlink.c
Unpacking /mnt/smpusdk-yocto-build/build/yocto-build_am62xx-lp-evm-rt/build/arago-tmp-default-glibc/work/x86_64-nativesdk-arago-linux/nativesdk-ti-cgt-pru/2.3.3/ti-cgt-pru-2.3.3/ti-cgt-pru_2.3.3/lib/src/ieeemask.h
Unpacking /mnt/smpusdk-yocto-build/build/yocto-build_am62xx-lp-evm-rt/build/arago-tmp-default-glibc/work/x86_64-nativesdk-arago-linux/nativesdk-ti-cgt-pru/2.3.3/ti-cgt-pru-2.3.3/ti-cgt-pru_2.3.3/lib/src/trgcio.h
Unpacking /mnt/smpusdk-yocto-build/build/yocto-build_am62xx-lp-evm-rt/build/arago-tmp-default-glibc/work/x86_64-nativesdk-arago-linux/nativesdk-ti-cgt-pru/2.3.3/ti-cgt-pru-2.3.3/ti-cgt-pru_2.3.3/lib/src/cmpf.c
Unpacking /mnt/smpusdk-yocto-build/build/yocto-build_am62xx-lp-evm-rt/build/arago-tmp-default-glibc/work/x86_64-nativesdk-arago-linux/nativesdk-ti-cgt-pru/2.3.3/ti-cgt-pru-2.3.3/ti-cgt-pru_2.3.3/lib/src/numconst.h
Unpacking /mnt/smpusdk-yocto-build/build/yocto-build_am62xx-lp-evm-rt/build/arago-tmp-default-glibc/work/x86_64-nativesdk-arago-linux/nativesdk-ti-cgt-pru/2.3.3/ti-cgt-pru-2.3.3/ti-cgt-pru_2.3.3/lib/src/_reg_synch_api.h
Unpacking /mnt/smpusdk-yocto-build/build/yocto-build_am62xx-lp-evm-rt/build/arago-tmp-default-glibc/work/x86_64-nativesdk-arago-linux/nativesdk-ti-cgt-pru/2.3.3/ti-cgt-pru-2.3.3/ti-cgt-pru_2.3.3/lib/src/strtold.c
Unpacking /mnt/smpusdk-yocto-build/build/yocto-build_am62xx-lp-evm-rt/build/arago-tmp-default-glibc/work/x86_64-nativesdk-arago-linux/nativesdk-ti-cgt-pru/2.3.3/ti-cgt-pru-2.3.3/ti-cgt-pru_2.3.3/lib/src/ferror.c
Unpacking /mnt/smpusdk-yocto-build/build/yocto-build_am62xx-lp-evm-rt/build/arago-tmp-default-glibc/work/x86_64-nativesdk-arago-linux/nativesdk-ti-cgt-pru/2.3.3/ti-cgt-pru-2.3.3/ti-cgt-pru_2.3.3/lib/src/frcdivf1_i.h
Unpacking /mnt/smpusdk-yocto-build/build/yocto-build_am62xx-lp-evm-rt/build/arago-tmp-default-glibc/work/x86_64-nativesdk-arago-linux/nativesdk-ti-cgt-pru/2.3.3/ti-cgt-pru-2.3.3/ti-cgt-pru_2.3.3/lib/src/ltd.c
Unpacking /mnt/smpusdk-yocto-build/build/yocto-build_am62xx-lp-evm-rt/build/arago-tmp-default-glibc/work/x86_64-nativesdk-arago-linux/nativesdk-ti-cgt-pru/2.3.3/ti-cgt-pru-2.3.3/ti-cgt-pru_2.3.3/lib/src/memmov.c
Unpacking /mnt/smpusdk-yocto-build/build/yocto-build_am62xx-lp-evm-rt/build/arago-tmp-default-glibc/work/x86_64-nativesdk-arago-linux/nativesdk-ti-cgt-pru/2.3.3/ti-cgt-pru-2.3.3/ti-cgt-pru_2.3.3/lib/src/divf.c
Unpacking /mnt/smpusdk-yocto-build/build/yocto-build_am62xx-lp-evm-rt/build/arago-tmp-default-glibc/work/x86_64-nativesdk-arago-linux/nativesdk-ti-cgt-pru/2.3.3/ti-cgt-pru-2.3.3/ti-cgt-pru_2.3.3/lib/src/64bit_util.h
Unpacking /mnt/smpusdk-yocto-build/build/yocto-build_am62xx-lp-evm-rt/build/arago-tmp-default-glibc/work/x86_64-nativesdk-arago-linux/nativesdk-ti-cgt-pru/2.3.3/ti-cgt-pru-2.3.3/ti-cgt-pru_2.3.3/lib/src/eqlf.c
Unpacking /mnt/smpusdk-yocto-build/build/yocto-build_am62xx-lp-evm-rt/build/arago-tmp-default-glibc/work/x86_64-nativesdk-arago-linux/nativesdk-ti-cgt-pru/2.3.3/ti-cgt-pru-2.3.3/ti-cgt-pru_2.3.3/lib/src/stdint.h
Unpacking /mnt/smpusdk-yocto-build/build/yocto-build_am62xx-lp-evm-rt/build/arago-tmp-default-glibc/work/x86_64-nativesdk-arago-linux/nativesdk-ti-cgt-pru/2.3.3/ti-cgt-pru-2.3.3/ti-cgt-pru_2.3.3/lib/src/neqf_i.h
Unpacking /mnt/smpusdk-yocto-build/build/yocto-build_am62xx-lp-evm-rt/build/arago-tmp-default-glibc/work/x86_64-nativesdk-arago-linux/nativesdk-ti-cgt-pru/2.3.3/ti-cgt-pru-2.3.3/ti-cgt-pru_2.3.3/lib/src/ldexp.c
Unpacking /mnt/smpusdk-yocto-build/build/yocto-build_am62xx-lp-evm-rt/build/arago-tmp-default-glibc/work/x86_64-nativesdk-arago-linux/nativesdk-ti-cgt-pru/2.3.3/ti-cgt-pru-2.3.3/ti-cgt-pru_2.3.3/lib/src/float_config.h
Unpacking /mnt/smpusdk-yocto-build/build/yocto-build_am62xx-lp-evm-rt/build/arago-tmp-default-glibc/work/x86_64-nativesdk-arago-linux/nativesdk-ti-cgt-pru/2.3.3/ti-cgt-pru-2.3.3/ti-cgt-pru_2.3.3/lib/src/truncf.c
Unpacking /mnt/smpusdk-yocto-build/build/yocto-build_am62xx-lp-evm-rt/build/arago-tmp-default-glibc/work/x86_64-nativesdk-arago-linux/nativesdk-ti-cgt-pru/2.3.3/ti-cgt-pru-2.3.3/ti-cgt-pru_2.3.3/lib/src/llabs.c
Unpacking /mnt/smpusdk-yocto-build/build/yocto-build_am62xx-lp-evm-rt/build/arago-tmp-default-glibc/work/x86_64-nativesdk-arago-linux/nativesdk-ti-cgt-pru/2.3.3/ti-cgt-pru-2.3.3/ti-cgt-pru_2.3.3/lib/src/s_cimagl.c
Unpacking /mnt/smpusdk-yocto-build/build/yocto-build_am62xx-lp-evm-rt/build/arago-tmp-default-glibc/work/x86_64-nativesdk-arago-linux/nativesdk-ti-cgt-pru/2.3.3/ti-cgt-pru-2.3.3/ti-cgt-pru_2.3.3/lib/src/_data_synch.h
Unpacking /mnt/smpusdk-yocto-build/build/yocto-build_am62xx-lp-evm-rt/build/arago-tmp-default-glibc/work/x86_64-nativesdk-arago-linux/nativesdk-ti-cgt-pru/2.3.3/ti-cgt-pru-2.3.3/ti-cgt-pru_2.3.3/lib/src/floorf.c
Unpacking /mnt/smpusdk-yocto-build/build/yocto-build_am62xx-lp-evm-rt/build/arago-tmp-default-glibc/work/x86_64-nativesdk-arago-linux/nativesdk-ti-cgt-pru/2.3.3/ti-cgt-pru-2.3.3/ti-cgt-pru_2.3.3/lib/src/abs.c
Unpacking /mnt/smpusdk-yocto-build/build/yocto-build_am62xx-lp-evm-rt/build/arago-tmp-default-glibc/work/x86_64-nativesdk-arago-linux/nativesdk-ti-cgt-pru/2.3.3/ti-cgt-pru-2.3.3/ti-cgt-pru_2.3.3/lib/src/strerror.c
Unpacking /mnt/smpusdk-yocto-build/build/yocto-build_am62xx-lp-evm-rt/build/arago-tmp-default-glibc/work/x86_64-nativesdk-arago-linux/nativesdk-ti-cgt-pru/2.3.3/ti-cgt-pru-2.3.3/ti-cgt-pru_2.3.3/lib/src/hostlseek.c
Unpacking /mnt/smpusdk-yocto-build/build/yocto-build_am62xx-lp-evm-rt/build/arago-tmp-default-glibc/work/x86_64-nativesdk-arago-linux/nativesdk-ti-cgt-pru/2.3.3/ti-cgt-pru-2.3.3/ti-cgt-pru_2.3.3/lib/src/atanf.c
Unpacking /mnt/smpusdk-yocto-build/build/yocto-build_am62xx-lp-evm-rt/build/arago-tmp-default-glibc/work/x86_64-nativesdk-arago-linux/nativesdk-ti-cgt-pru/2.3.3/ti-cgt-pru-2.3.3/ti-cgt-pru_2.3.3/lib/src/eh.h
Unpacking /mnt/smpusdk-yocto-build/build/yocto-build_am62xx-lp-evm-rt/build/arago-tmp-default-glibc/work/x86_64-nativesdk-arago-linux/nativesdk-ti-cgt-pru/2.3.3/ti-cgt-pru-2.3.3/ti-cgt-pru_2.3.3/lib/src/stddef.h
Unpacking /mnt/smpusdk-yocto-build/build/yocto-build_am62xx-lp-evm-rt/build/arago-tmp-default-glibc/work/x86_64-nativesdk-arago-linux/nativesdk-ti-cgt-pru/2.3.3/ti-cgt-pru-2.3.3/ti-cgt-pru_2.3.3/lib/src/modff.c
Unpacking /mnt/smpusdk-yocto-build/build/yocto-build_am62xx-lp-evm-rt/build/arago-tmp-default-glibc/work/x86_64-nativesdk-arago-linux/nativesdk-ti-cgt-pru/2.3.3/ti-cgt-pru-2.3.3/ti-cgt-pru_2.3.3/lib/src/elfnames.h
Unpacking /mnt/smpusdk-yocto-build/build/yocto-build_am62xx-lp-evm-rt/build/arago-tmp-default-glibc/work/x86_64-nativesdk-arago-linux/nativesdk-ti-cgt-pru/2.3.3/ti-cgt-pru-2.3.3/ti-cgt-pru_2.3.3/lib/src/localtim.c
Unpacking /mnt/smpusdk-yocto-build/build/yocto-build_am62xx-lp-evm-rt/build/arago-tmp-default-glibc/work/x86_64-nativesdk-arago-linux/nativesdk-ti-cgt-pru/2.3.3/ti-cgt-pru-2.3.3/ti-cgt-pru_2.3.3/lib/src/wctob.c
Unpacking /mnt/smpusdk-yocto-build/build/yocto-build_am62xx-lp-evm-rt/build/arago-tmp-default-glibc/work/x86_64-nativesdk-arago-linux/nativesdk-ti-cgt-pru/2.3.3/ti-cgt-pru-2.3.3/ti-cgt-pru_2.3.3/lib/src/copy_decompress_rle.c
Unpacking /mnt/smpusdk-yocto-build/build/yocto-build_am62xx-lp-evm-rt/build/arago-tmp-default-glibc/work/x86_64-nativesdk-arago-linux/nativesdk-ti-cgt-pru/2.3.3/ti-cgt-pru-2.3.3/ti-cgt-pru_2.3.3/lib/src/autoinit.c
Unpacking /mnt/smpusdk-yocto-build/build/yocto-build_am62xx-lp-evm-rt/build/arago-tmp-default-glibc/work/x86_64-nativesdk-arago-linux/nativesdk-ti-cgt-pru/2.3.3/ti-cgt-pru-2.3.3/ti-cgt-pru_2.3.3/lib/src/memzero.c
Unpacking /mnt/smpusdk-yocto-build/build/yocto-build_am62xx-lp-evm-rt/build/arago-tmp-default-glibc/work/x86_64-nativesdk-arago-linux/nativesdk-ti-cgt-pru/2.3.3/ti-cgt-pru-2.3.3/ti-cgt-pru_2.3.3/lib/src/ceil.c
Unpacking /mnt/smpusdk-yocto-build/build/yocto-build_am62xx-lp-evm-rt/build/arago-tmp-default-glibc/work/x86_64-nativesdk-arago-linux/nativesdk-ti-cgt-pru/2.3.3/ti-cgt-pru-2.3.3/ti-cgt-pru_2.3.3/lib/src/_data_synch.c
Unpacking /mnt/smpusdk-yocto-build/build/yocto-build_am62xx-lp-evm-rt/build/arago-tmp-default-glibc/work/x86_64-nativesdk-arago-linux/nativesdk-ti-cgt-pru/2.3.3/ti-cgt-pru-2.3.3/ti-cgt-pru_2.3.3/lib/src/_printfi_nf.c
Unpacking /mnt/smpusdk-yocto-build/build/yocto-build_am62xx-lp-evm-rt/build/arago-tmp-default-glibc/work/x86_64-nativesdk-arago-linux/nativesdk-ti-cgt-pru/2.3.3/ti-cgt-pru-2.3.3/ti-cgt-pru_2.3.3/lib/src/sqrtf.c
Unpacking /mnt/smpusdk-yocto-build/build/yocto-build_am62xx-lp-evm-rt/build/arago-tmp-default-glibc/work/x86_64-nativesdk-arago-linux/nativesdk-ti-cgt-pru/2.3.3/ti-cgt-pru-2.3.3/ti-cgt-pru_2.3.3/lib/src/_scanfi.c
Unpacking /mnt/smpusdk-yocto-build/build/yocto-build_am62xx-lp-evm-rt/build/arago-tmp-default-glibc/work/x86_64-nativesdk-arago-linux/nativesdk-ti-cgt-pru/2.3.3/ti-cgt-pru-2.3.3/ti-cgt-pru_2.3.3/lib/src/lsrll.c
Unpacking /mnt/smpusdk-yocto-build/build/yocto-build_am62xx-lp-evm-rt/build/arago-tmp-default-glibc/work/x86_64-nativesdk-arago-linux/nativesdk-ti-cgt-pru/2.3.3/ti-cgt-pru-2.3.3/ti-cgt-pru_2.3.3/lib/src/rename.c
Unpacking /mnt/smpusdk-yocto-build/build/yocto-build_am62xx-lp-evm-rt/build/arago-tmp-default-glibc/work/x86_64-nativesdk-arago-linux/nativesdk-ti-cgt-pru/2.3.3/ti-cgt-pru-2.3.3/ti-cgt-pru_2.3.3/lib/src/cothf.c
Unpacking /mnt/smpusdk-yocto-build/build/yocto-build_am62xx-lp-evm-rt/build/arago-tmp-default-glibc/work/x86_64-nativesdk-arago-linux/nativesdk-ti-cgt-pru/2.3.3/ti-cgt-pru-2.3.3/ti-cgt-pru_2.3.3/lib/src/atan2.c
Unpacking /mnt/smpusdk-yocto-build/build/yocto-build_am62xx-lp-evm-rt/build/arago-tmp-default-glibc/work/x86_64-nativesdk-arago-linux/nativesdk-ti-cgt-pru/2.3.3/ti-cgt-pru-2.3.3/ti-cgt-pru_2.3.3/lib/src/cmpf_i.h
Unpacking /mnt/smpusdk-yocto-build/build/yocto-build_am62xx-lp-evm-rt/build/arago-tmp-default-glibc/work/x86_64-nativesdk-arago-linux/nativesdk-ti-cgt-pru/2.3.3/ti-cgt-pru-2.3.3/ti-cgt-pru_2.3.3/lib/src/roundf.c
Unpacking /mnt/smpusdk-yocto-build/build/yocto-build_am62xx-lp-evm-rt/build/arago-tmp-default-glibc/work/x86_64-nativesdk-arago-linux/nativesdk-ti-cgt-pru/2.3.3/ti-cgt-pru-2.3.3/ti-cgt-pru_2.3.3/lib/src/cvtdf.c
Unpacking /mnt/smpusdk-yocto-build/build/yocto-build_am62xx-lp-evm-rt/build/arago-tmp-default-glibc/work/x86_64-nativesdk-arago-linux/nativesdk-ti-cgt-pru/2.3.3/ti-cgt-pru-2.3.3/ti-cgt-pru_2.3.3/lib/src/strxfrm.c
Unpacking /mnt/smpusdk-yocto-build/build/yocto-build_am62xx-lp-evm-rt/build/arago-tmp-default-glibc/work/x86_64-nativesdk-arago-linux/nativesdk-ti-cgt-pru/2.3.3/ti-cgt-pru-2.3.3/ti-cgt-pru_2.3.3/lib/src/hostclose.c
Unpacking /mnt/smpusdk-yocto-build/build/yocto-build_am62xx-lp-evm-rt/build/arago-tmp-default-glibc/work/x86_64-nativesdk-arago-linux/nativesdk-ti-cgt-pru/2.3.3/ti-cgt-pru-2.3.3/ti-cgt-pru_2.3.3/lib/src/fltxf_i.h
Unpacking /mnt/smpusdk-yocto-build/build/yocto-build_am62xx-lp-evm-rt/build/arago-tmp-default-glibc/work/x86_64-nativesdk-arago-linux/nativesdk-ti-cgt-pru/2.3.3/ti-cgt-pru-2.3.3/ti-cgt-pru_2.3.3/lib/src/eqlf_i.h
Unpacking /mnt/smpusdk-yocto-build/build/yocto-build_am62xx-lp-evm-rt/build/arago-tmp-default-glibc/work/x86_64-nativesdk-arago-linux/nativesdk-ti-cgt-pru/2.3.3/ti-cgt-pru-2.3.3/ti-cgt-pru_2.3.3/lib/src/s_crealf.c
Unpacking /mnt/smpusdk-yocto-build/build/yocto-build_am62xx-lp-evm-rt/build/arago-tmp-default-glibc/work/x86_64-nativesdk-arago-linux/nativesdk-ti-cgt-pru/2.3.3/ti-cgt-pru-2.3.3/ti-cgt-pru_2.3.3/lib/src/divull.c
Unpacking /mnt/smpusdk-yocto-build/build/yocto-build_am62xx-lp-evm-rt/build/arago-tmp-default-glibc/work/x86_64-nativesdk-arago-linux/nativesdk-ti-cgt-pru/2.3.3/ti-cgt-pru-2.3.3/ti-cgt-pru_2.3.3/lib/src/wchar.h
Unpacking /mnt/smpusdk-yocto-build/build/yocto-build_am62xx-lp-evm-rt/build/arago-tmp-default-glibc/work/x86_64-nativesdk-arago-linux/nativesdk-ti-cgt-pru/2.3.3/ti-cgt-pru-2.3.3/ti-cgt-pru_2.3.3/lib/src/fopen.c
Unpacking /mnt/smpusdk-yocto-build/build/yocto-build_am62xx-lp-evm-rt/build/arago-tmp-default-glibc/work/x86_64-nativesdk-arago-linux/nativesdk-ti-cgt-pru/2.3.3/ti-cgt-pru-2.3.3/ti-cgt-pru_2.3.3/lib/src/w_cabs.c
Unpacking /mnt/smpusdk-yocto-build/build/yocto-build_am62xx-lp-evm-rt/build/arago-tmp-default-glibc/work/x86_64-nativesdk-arago-linux/nativesdk-ti-cgt-pru/2.3.3/ti-cgt-pru-2.3.3/ti-cgt-pru_2.3.3/lib/src/cpy_tbl.c
Unpacking /mnt/smpusdk-yocto-build/build/yocto-build_am62xx-lp-evm-rt/build/arago-tmp-default-glibc/work/x86_64-nativesdk-arago-linux/nativesdk-ti-cgt-pru/2.3.3/ti-cgt-pru-2.3.3/ti-cgt-pru_2.3.3/lib/src/subf.c
Unpacking /mnt/smpusdk-yocto-build/build/yocto-build_am62xx-lp-evm-rt/build/arago-tmp-default-glibc/work/x86_64-nativesdk-arago-linux/nativesdk-ti-cgt-pru/2.3.3/ti-cgt-pru-2.3.3/ti-cgt-pru_2.3.3/lib/src/fltuf.c
Unpacking /mnt/smpusdk-yocto-build/build/yocto-build_am62xx-lp-evm-rt/build/arago-tmp-default-glibc/work/x86_64-nativesdk-arago-linux/nativesdk-ti-cgt-pru/2.3.3/ti-cgt-pru-2.3.3/ti-cgt-pru_2.3.3/lib/src/atanhf_i.h
Unpacking /mnt/smpusdk-yocto-build/build/yocto-build_am62xx-lp-evm-rt/build/arago-tmp-default-glibc/work/x86_64-nativesdk-arago-linux/nativesdk-ti-cgt-pru/2.3.3/ti-cgt-pru-2.3.3/ti-cgt-pru_2.3.3/lib/src/s_ctanh.c
Unpacking /mnt/smpusdk-yocto-build/build/yocto-build_am62xx-lp-evm-rt/build/arago-tmp-default-glibc/work/x86_64-nativesdk-arago-linux/nativesdk-ti-cgt-pru/2.3.3/ti-cgt-pru-2.3.3/ti-cgt-pru_2.3.3/lib/src/nextafter_i.h
Unpacking /mnt/smpusdk-yocto-build/build/yocto-build_am62xx-lp-evm-rt/build/arago-tmp-default-glibc/work/x86_64-nativesdk-arago-linux/nativesdk-ti-cgt-pru/2.3.3/ti-cgt-pru-2.3.3/ti-cgt-pru_2.3.3/lib/src/strcspn.c
Unpacking /mnt/smpusdk-yocto-build/build/yocto-build_am62xx-lp-evm-rt/build/arago-tmp-default-glibc/work/x86_64-nativesdk-arago-linux/nativesdk-ti-cgt-pru/2.3.3/ti-cgt-pru-2.3.3/ti-cgt-pru_2.3.3/lib/src/addf_i.h
Unpacking /mnt/smpusdk-yocto-build/build/yocto-build_am62xx-lp-evm-rt/build/arago-tmp-default-glibc/work/x86_64-nativesdk-arago-linux/nativesdk-ti-cgt-pru/2.3.3/ti-cgt-pru-2.3.3/ti-cgt-pru_2.3.3/lib/src/cothf_i.h
Unpacking /mnt/smpusdk-yocto-build/build/yocto-build_am62xx-lp-evm-rt/build/arago-tmp-default-glibc/work/x86_64-nativesdk-arago-linux/nativesdk-ti-cgt-pru/2.3.3/ti-cgt-pru-2.3.3/ti-cgt-pru_2.3.3/lib/src/_fmt_specifier.h
Unpacking /mnt/smpusdk-yocto-build/build/yocto-build_am62xx-lp-evm-rt/build/arago-tmp-default-glibc/work/x86_64-nativesdk-arago-linux/nativesdk-ti-cgt-pru/2.3.3/ti-cgt-pru-2.3.3/ti-cgt-pru_2.3.3/lib/src/strtoimax.c
Unpacking /mnt/smpusdk-yocto-build/build/yocto-build_am62xx-lp-evm-rt/build/arago-tmp-default-glibc/work/x86_64-nativesdk-arago-linux/nativesdk-ti-cgt-pru/2.3.3/ti-cgt-pru-2.3.3/ti-cgt-pru_2.3.3/lib/src/stdbool.h
Unpacking /mnt/smpusdk-yocto-build/build/yocto-build_am62xx-lp-evm-rt/build/arago-tmp-default-glibc/work/x86_64-nativesdk-arago-linux/nativesdk-ti-cgt-pru/2.3.3/ti-cgt-pru-2.3.3/ti-cgt-pru_2.3.3/lib/src/fixdull.c
Unpacking /mnt/smpusdk-yocto-build/build/yocto-build_am62xx-lp-evm-rt/build/arago-tmp-default-glibc/work/x86_64-nativesdk-arago-linux/nativesdk-ti-cgt-pru/2.3.3/ti-cgt-pru-2.3.3/ti-cgt-pru_2.3.3/lib/src/modf.c
Unpacking /mnt/smpusdk-yocto-build/build/yocto-build_am62xx-lp-evm-rt/build/arago-tmp-default-glibc/work/x86_64-nativesdk-arago-linux/nativesdk-ti-cgt-pru/2.3.3/ti-cgt-pru-2.3.3/ti-cgt-pru_2.3.3/lib/src/floorf_i.h
Unpacking /mnt/smpusdk-yocto-build/build/yocto-build_am62xx-lp-evm-rt/build/arago-tmp-default-glibc/work/x86_64-nativesdk-arago-linux/nativesdk-ti-cgt-pru/2.3.3/ti-cgt-pru-2.3.3/ti-cgt-pru_2.3.3/lib/src/atoi.c
Unpacking /mnt/smpusdk-yocto-build/build/yocto-build_am62xx-lp-evm-rt/build/arago-tmp-default-glibc/work/x86_64-nativesdk-arago-linux/nativesdk-ti-cgt-pru/2.3.3/ti-cgt-pru-2.3.3/ti-cgt-pru_2.3.3/lib/src/isfinitef.c
Unpacking /mnt/smpusdk-yocto-build/build/yocto-build_am62xx-lp-evm-rt/build/arago-tmp-default-glibc/work/x86_64-nativesdk-arago-linux/nativesdk-ti-cgt-pru/2.3.3/ti-cgt-pru-2.3.3/ti-cgt-pru_2.3.3/lib/src/fltulld.c
Unpacking /mnt/smpusdk-yocto-build/build/yocto-build_am62xx-lp-evm-rt/build/arago-tmp-default-glibc/work/x86_64-nativesdk-arago-linux/nativesdk-ti-cgt-pru/2.3.3/ti-cgt-pru-2.3.3/ti-cgt-pru_2.3.3/lib/src/divu_c.c
Unpacking /mnt/smpusdk-yocto-build/build/yocto-build_am62xx-lp-evm-rt/build/arago-tmp-default-glibc/work/x86_64-nativesdk-arago-linux/nativesdk-ti-cgt-pru/2.3.3/ti-cgt-pru-2.3.3/ti-cgt-pru_2.3.3/lib/src/open.c
Unpacking /mnt/smpusdk-yocto-build/build/yocto-build_am62xx-lp-evm-rt/build/arago-tmp-default-glibc/work/x86_64-nativesdk-arago-linux/nativesdk-ti-cgt-pru/2.3.3/ti-cgt-pru-2.3.3/ti-cgt-pru_2.3.3/lib/src/sqrt.c
Unpacking /mnt/smpusdk-yocto-build/build/yocto-build_am62xx-lp-evm-rt/build/arago-tmp-default-glibc/work/x86_64-nativesdk-arago-linux/nativesdk-ti-cgt-pru/2.3.3/ti-cgt-pru-2.3.3/ti-cgt-pru_2.3.3/lib/src/remove_device.c
Unpacking /mnt/smpusdk-yocto-build/build/yocto-build_am62xx-lp-evm-rt/build/arago-tmp-default-glibc/work/x86_64-nativesdk-arago-linux/nativesdk-ti-cgt-pru/2.3.3/ti-cgt-pru-2.3.3/ti-cgt-pru_2.3.3/lib/src/rsqrt.c
Unpacking /mnt/smpusdk-yocto-build/build/yocto-build_am62xx-lp-evm-rt/build/arago-tmp-default-glibc/work/x86_64-nativesdk-arago-linux/nativesdk-ti-cgt-pru/2.3.3/ti-cgt-pru-2.3.3/ti-cgt-pru_2.3.3/lib/src/fixflli.c
Unpacking /mnt/smpusdk-yocto-build/build/yocto-build_am62xx-lp-evm-rt/build/arago-tmp-default-glibc/work/x86_64-nativesdk-arago-linux/nativesdk-ti-cgt-pru/2.3.3/ti-cgt-pru-2.3.3/ti-cgt-pru_2.3.3/lib/src/remove.c
Unpacking /mnt/smpusdk-yocto-build/build/yocto-build_am62xx-lp-evm-rt/build/arago-tmp-default-glibc/work/x86_64-nativesdk-arago-linux/nativesdk-ti-cgt-pru/2.3.3/ti-cgt-pru-2.3.3/ti-cgt-pru_2.3.3/lib/src/acos.c
Unpacking /mnt/smpusdk-yocto-build/build/yocto-build_am62xx-lp-evm-rt/build/arago-tmp-default-glibc/work/x86_64-nativesdk-arago-linux/nativesdk-ti-cgt-pru/2.3.3/ti-cgt-pru-2.3.3/ti-cgt-pru_2.3.3/lib/src/cot.c
Unpacking /mnt/smpusdk-yocto-build/build/yocto-build_am62xx-lp-evm-rt/build/arago-tmp-default-glibc/work/x86_64-nativesdk-arago-linux/nativesdk-ti-cgt-pru/2.3.3/ti-cgt-pru-2.3.3/ti-cgt-pru_2.3.3/lib/src/isalpha.c
Unpacking /mnt/smpusdk-yocto-build/build/yocto-build_am62xx-lp-evm-rt/build/arago-tmp-default-glibc/work/x86_64-nativesdk-arago-linux/nativesdk-ti-cgt-pru/2.3.3/ti-cgt-pru-2.3.3/ti-cgt-pru_2.3.3/lib/src/inttypes.h
Unpacking /mnt/smpusdk-yocto-build/build/yocto-build_am62xx-lp-evm-rt/build/arago-tmp-default-glibc/work/x86_64-nativesdk-arago-linux/nativesdk-ti-cgt-pru/2.3.3/ti-cgt-pru-2.3.3/ti-cgt-pru_2.3.3/lib/src/labs.c
Unpacking /mnt/smpusdk-yocto-build/build/yocto-build_am62xx-lp-evm-rt/build/arago-tmp-default-glibc/work/x86_64-nativesdk-arago-linux/nativesdk-ti-cgt-pru/2.3.3/ti-cgt-pru-2.3.3/ti-cgt-pru_2.3.3/lib/src/vsprintf.c
Unpacking /mnt/smpusdk-yocto-build/build/yocto-build_am62xx-lp-evm-rt/build/arago-tmp-default-glibc/work/x86_64-nativesdk-arago-linux/nativesdk-ti-cgt-pru/2.3.3/ti-cgt-pru-2.3.3/ti-cgt-pru_2.3.3/lib/src/wcsncmp.c
Unpacking /mnt/smpusdk-yocto-build/build/yocto-build_am62xx-lp-evm-rt/build/arago-tmp-default-glibc/work/x86_64-nativesdk-arago-linux/nativesdk-ti-cgt-pru/2.3.3/ti-cgt-pru-2.3.3/ti-cgt-pru_2.3.3/lib/src/syntf.h
Unpacking /mnt/smpusdk-yocto-build/build/yocto-build_am62xx-lp-evm-rt/build/arago-tmp-default-glibc/work/x86_64-nativesdk-arago-linux/nativesdk-ti-cgt-pru/2.3.3/ti-cgt-pru-2.3.3/ti-cgt-pru_2.3.3/lib/src/bcopy.c
Unpacking /mnt/smpusdk-yocto-build/build/yocto-build_am62xx-lp-evm-rt/build/arago-tmp-default-glibc/work/x86_64-nativesdk-arago-linux/nativesdk-ti-cgt-pru/2.3.3/ti-cgt-pru-2.3.3/ti-cgt-pru_2.3.3/lib/src/led.c
Unpacking /mnt/smpusdk-yocto-build/build/yocto-build_am62xx-lp-evm-rt/build/arago-tmp-default-glibc/work/x86_64-nativesdk-arago-linux/nativesdk-ti-cgt-pru/2.3.3/ti-cgt-pru-2.3.3/ti-cgt-pru_2.3.3/lib/src/log2f_i.h
Unpacking /mnt/smpusdk-yocto-build/build/yocto-build_am62xx-lp-evm-rt/build/arago-tmp-default-glibc/work/x86_64-nativesdk-arago-linux/nativesdk-ti-cgt-pru/2.3.3/ti-cgt-pru-2.3.3/ti-cgt-pru_2.3.3/lib/src/setlocale.c
Unpacking /mnt/smpusdk-yocto-build/build/yocto-build_am62xx-lp-evm-rt/build/arago-tmp-default-glibc/work/x86_64-nativesdk-arago-linux/nativesdk-ti-cgt-pru/2.3.3/ti-cgt-pru-2.3.3/ti-cgt-pru_2.3.3/lib/src/strtol.c
Unpacking /mnt/smpusdk-yocto-build/build/yocto-build_am62xx-lp-evm-rt/build/arago-tmp-default-glibc/work/x86_64-nativesdk-arago-linux/nativesdk-ti-cgt-pru/2.3.3/ti-cgt-pru-2.3.3/ti-cgt-pru_2.3.3/lib/src/toascii.c
Unpacking /mnt/smpusdk-yocto-build/build/yocto-build_am62xx-lp-evm-rt/build/arago-tmp-default-glibc/work/x86_64-nativesdk-arago-linux/nativesdk-ti-cgt-pru/2.3.3/ti-cgt-pru-2.3.3/ti-cgt-pru_2.3.3/lib/src/fltullf.c
Unpacking /mnt/smpusdk-yocto-build/build/yocto-build_am62xx-lp-evm-rt/build/arago-tmp-default-glibc/work/x86_64-nativesdk-arago-linux/nativesdk-ti-cgt-pru/2.3.3/ti-cgt-pru-2.3.3/ti-cgt-pru_2.3.3/lib/src/exception.stdh
Unpacking /mnt/smpusdk-yocto-build/build/yocto-build_am62xx-lp-evm-rt/build/arago-tmp-default-glibc/work/x86_64-nativesdk-arago-linux/nativesdk-ti-cgt-pru/2.3.3/ti-cgt-pru-2.3.3/ti-cgt-pru_2.3.3/lib/src/asin.c
Unpacking /mnt/smpusdk-yocto-build/build/yocto-build_am62xx-lp-evm-rt/build/arago-tmp-default-glibc/work/x86_64-nativesdk-arago-linux/nativesdk-ti-cgt-pru/2.3.3/ti-cgt-pru-2.3.3/ti-cgt-pru_2.3.3/lib/src/mktime.c
Unpacking /mnt/smpusdk-yocto-build/build/yocto-build_am62xx-lp-evm-rt/build/arago-tmp-default-glibc/work/x86_64-nativesdk-arago-linux/nativesdk-ti-cgt-pru/2.3.3/ti-cgt-pru-2.3.3/ti-cgt-pru_2.3.3/lib/src/vla_alloc.h
Unpacking /mnt/smpusdk-yocto-build/build/yocto-build_am62xx-lp-evm-rt/build/arago-tmp-default-glibc/work/x86_64-nativesdk-arago-linux/nativesdk-ti-cgt-pru/2.3.3/ti-cgt-pru-2.3.3/ti-cgt-pru_2.3.3/lib/src/strtok.c
Unpacking /mnt/smpusdk-yocto-build/build/yocto-build_am62xx-lp-evm-rt/build/arago-tmp-default-glibc/work/x86_64-nativesdk-arago-linux/nativesdk-ti-cgt-pru/2.3.3/ti-cgt-pru-2.3.3/ti-cgt-pru_2.3.3/lib/src/bad_alloc.c
Unpacking /mnt/smpusdk-yocto-build/build/yocto-build_am62xx-lp-evm-rt/build/arago-tmp-default-glibc/work/x86_64-nativesdk-arago-linux/nativesdk-ti-cgt-pru/2.3.3/ti-cgt-pru-2.3.3/ti-cgt-pru_2.3.3/lib/src/ctype.h
Unpacking /mnt/smpusdk-yocto-build/build/yocto-build_am62xx-lp-evm-rt/build/arago-tmp-default-glibc/work/x86_64-nativesdk-arago-linux/nativesdk-ti-cgt-pru/2.3.3/ti-cgt-pru-2.3.3/ti-cgt-pru_2.3.3/lib/src/subd.c
Unpacking /mnt/smpusdk-yocto-build/build/yocto-build_am62xx-lp-evm-rt/build/arago-tmp-default-glibc/work/x86_64-nativesdk-arago-linux/nativesdk-ti-cgt-pru/2.3.3/ti-cgt-pru-2.3.3/ti-cgt-pru_2.3.3/lib/src/s_copysign.c
Unpacking /mnt/smpusdk-yocto-build/build/yocto-build_am62xx-lp-evm-rt/build/arago-tmp-default-glibc/work/x86_64-nativesdk-arago-linux/nativesdk-ti-cgt-pru/2.3.3/ti-cgt-pru-2.3.3/ti-cgt-pru_2.3.3/lib/src/assert.h
Unpacking /mnt/smpusdk-yocto-build/build/yocto-build_am62xx-lp-evm-rt/build/arago-tmp-default-glibc/work/x86_64-nativesdk-arago-linux/nativesdk-ti-cgt-pru/2.3.3/ti-cgt-pru-2.3.3/ti-cgt-pru_2.3.3/lib/src/asinh.c
Unpacking /mnt/smpusdk-yocto-build/build/yocto-build_am62xx-lp-evm-rt/build/arago-tmp-default-glibc/work/x86_64-nativesdk-arago-linux/nativesdk-ti-cgt-pru/2.3.3/ti-cgt-pru-2.3.3/ti-cgt-pru_2.3.3/lib/src/sin.c
Unpacking /mnt/smpusdk-yocto-build/build/yocto-build_am62xx-lp-evm-rt/build/arago-tmp-default-glibc/work/x86_64-nativesdk-arago-linux/nativesdk-ti-cgt-pru/2.3.3/ti-cgt-pru-2.3.3/ti-cgt-pru_2.3.3/lib/src/dtor_list.h
Unpacking /mnt/smpusdk-yocto-build/build/yocto-build_am62xx-lp-evm-rt/build/arago-tmp-default-glibc/work/x86_64-nativesdk-arago-linux/nativesdk-ti-cgt-pru/2.3.3/ti-cgt-pru-2.3.3/ti-cgt-pru_2.3.3/lib/src/ceilf_i.h
Unpacking /mnt/smpusdk-yocto-build/build/yocto-build_am62xx-lp-evm-rt/build/arago-tmp-default-glibc/work/x86_64-nativesdk-arago-linux/nativesdk-ti-cgt-pru/2.3.3/ti-cgt-pru-2.3.3/ti-cgt-pru_2.3.3/lib/src/s_log1p.c
Unpacking /mnt/smpusdk-yocto-build/build/yocto-build_am62xx-lp-evm-rt/build/arago-tmp-default-glibc/work/x86_64-nativesdk-arago-linux/nativesdk-ti-cgt-pru/2.3.3/ti-cgt-pru-2.3.3/ti-cgt-pru_2.3.3/lib/src/frcmpyf.h
Unpacking /mnt/smpusdk-yocto-build/build/yocto-build_am62xx-lp-evm-rt/build/arago-tmp-default-glibc/work/x86_64-nativesdk-arago-linux/nativesdk-ti-cgt-pru/2.3.3/ti-cgt-pru-2.3.3/ti-cgt-pru_2.3.3/lib/src/rtti.c
Unpacking /mnt/smpusdk-yocto-build/build/yocto-build_am62xx-lp-evm-rt/build/arago-tmp-default-glibc/work/x86_64-nativesdk-arago-linux/nativesdk-ti-cgt-pru/2.3.3/ti-cgt-pru-2.3.3/ti-cgt-pru_2.3.3/lib/src/setjmp.h
Unpacking /mnt/smpusdk-yocto-build/build/yocto-build_am62xx-lp-evm-rt/build/arago-tmp-default-glibc/work/x86_64-nativesdk-arago-linux/nativesdk-ti-cgt-pru/2.3.3/ti-cgt-pru-2.3.3/ti-cgt-pru_2.3.3/lib/src/mpyd.c
Unpacking /mnt/smpusdk-yocto-build/build/yocto-build_am62xx-lp-evm-rt/build/arago-tmp-default-glibc/work/x86_64-nativesdk-arago-linux/nativesdk-ti-cgt-pru/2.3.3/ti-cgt-pru-2.3.3/ti-cgt-pru_2.3.3/lib/src/vec_newdel.h
Unpacking /mnt/smpusdk-yocto-build/build/yocto-build_am62xx-lp-evm-rt/build/arago-tmp-default-glibc/work/x86_64-nativesdk-arago-linux/nativesdk-ti-cgt-pru/2.3.3/ti-cgt-pru-2.3.3/ti-cgt-pru_2.3.3/lib/src/gef.c
Unpacking /mnt/smpusdk-yocto-build/build/yocto-build_am62xx-lp-evm-rt/build/arago-tmp-default-glibc/work/x86_64-nativesdk-arago-linux/nativesdk-ti-cgt-pru/2.3.3/ti-cgt-pru-2.3.3/ti-cgt-pru_2.3.3/lib/src/exp10.c
Unpacking /mnt/smpusdk-yocto-build/build/yocto-build_am62xx-lp-evm-rt/build/arago-tmp-default-glibc/work/x86_64-nativesdk-arago-linux/nativesdk-ti-cgt-pru/2.3.3/ti-cgt-pru-2.3.3/ti-cgt-pru_2.3.3/lib/src/fmodf_i.h
Unpacking /mnt/smpusdk-yocto-build/build/yocto-build_am62xx-lp-evm-rt/build/arago-tmp-default-glibc/work/x86_64-nativesdk-arago-linux/nativesdk-ti-cgt-pru/2.3.3/ti-cgt-pru-2.3.3/ti-cgt-pru_2.3.3/lib/src/_isfuncdcl.h
Unpacking /mnt/smpusdk-yocto-build/build/yocto-build_am62xx-lp-evm-rt/build/arago-tmp-default-glibc/work/x86_64-nativesdk-arago-linux/nativesdk-ti-cgt-pru/2.3.3/ti-cgt-pru-2.3.3/ti-cgt-pru_2.3.3/lib/src/hosttime.c
Unpacking /mnt/smpusdk-yocto-build/build/yocto-build_am62xx-lp-evm-rt/build/arago-tmp-default-glibc/work/x86_64-nativesdk-arago-linux/nativesdk-ti-cgt-pru/2.3.3/ti-cgt-pru-2.3.3/ti-cgt-pru_2.3.3/lib/src/clearerr.c
Unpacking /mnt/smpusdk-yocto-build/build/yocto-build_am62xx-lp-evm-rt/build/arago-tmp-default-glibc/work/x86_64-nativesdk-arago-linux/nativesdk-ti-cgt-pru/2.3.3/ti-cgt-pru-2.3.3/ti-cgt-pru_2.3.3/lib/src/s_cexpf.c
Unpacking /mnt/smpusdk-yocto-build/build/yocto-build_am62xx-lp-evm-rt/build/arago-tmp-default-glibc/work/x86_64-nativesdk-arago-linux/nativesdk-ti-cgt-pru/2.3.3/ti-cgt-pru-2.3.3/ti-cgt-pru_2.3.3/lib/src/fltyf_i.h
Unpacking /mnt/smpusdk-yocto-build/build/yocto-build_am62xx-lp-evm-rt/build/arago-tmp-default-glibc/work/x86_64-nativesdk-arago-linux/nativesdk-ti-cgt-pru/2.3.3/ti-cgt-pru-2.3.3/ti-cgt-pru_2.3.3/lib/src/s_cimagf.c
Unpacking /mnt/smpusdk-yocto-build/build/yocto-build_am62xx-lp-evm-rt/build/arago-tmp-default-glibc/work/x86_64-nativesdk-arago-linux/nativesdk-ti-cgt-pru/2.3.3/ti-cgt-pru-2.3.3/ti-cgt-pru_2.3.3/lib/src/clock.c
Unpacking /mnt/smpusdk-yocto-build/build/yocto-build_am62xx-lp-evm-rt/build/arago-tmp-default-glibc/work/x86_64-nativesdk-arago-linux/nativesdk-ti-cgt-pru/2.3.3/ti-cgt-pru-2.3.3/ti-cgt-pru_2.3.3/lib/src/getdevice.c
Unpacking /mnt/smpusdk-yocto-build/build/yocto-build_am62xx-lp-evm-rt/build/arago-tmp-default-glibc/work/x86_64-nativesdk-arago-linux/nativesdk-ti-cgt-pru/2.3.3/ti-cgt-pru-2.3.3/ti-cgt-pru_2.3.3/lib/src/complex.h
Unpacking /mnt/smpusdk-yocto-build/build/yocto-build_am62xx-lp-evm-rt/build/arago-tmp-default-glibc/work/x86_64-nativesdk-arago-linux/nativesdk-ti-cgt-pru/2.3.3/ti-cgt-pru-2.3.3/ti-cgt-pru_2.3.3/lib/src/ged.c
Unpacking /mnt/smpusdk-yocto-build/build/yocto-build_am62xx-lp-evm-rt/build/arago-tmp-default-glibc/work/x86_64-nativesdk-arago-linux/nativesdk-ti-cgt-pru/2.3.3/ti-cgt-pru-2.3.3/ti-cgt-pru_2.3.3/lib/src/s_cpowf.c
Unpacking /mnt/smpusdk-yocto-build/build/yocto-build_am62xx-lp-evm-rt/build/arago-tmp-default-glibc/work/x86_64-nativesdk-arago-linux/nativesdk-ti-cgt-pru/2.3.3/ti-cgt-pru-2.3.3/ti-cgt-pru_2.3.3/lib/src/exp2f_i.h
Unpacking /mnt/smpusdk-yocto-build/build/yocto-build_am62xx-lp-evm-rt/build/arago-tmp-default-glibc/work/x86_64-nativesdk-arago-linux/nativesdk-ti-cgt-pru/2.3.3/ti-cgt-pru-2.3.3/ti-cgt-pru_2.3.3/lib/src/fixdli.c
Unpacking /mnt/smpusdk-yocto-build/build/yocto-build_am62xx-lp-evm-rt/build/arago-tmp-default-glibc/work/x86_64-nativesdk-arago-linux/nativesdk-ti-cgt-pru/2.3.3/ti-cgt-pru-2.3.3/ti-cgt-pru_2.3.3/lib/src/qsort.c
Unpacking /mnt/smpusdk-yocto-build/build/yocto-build_am62xx-lp-evm-rt/build/arago-tmp-default-glibc/work/x86_64-nativesdk-arago-linux/nativesdk-ti-cgt-pru/2.3.3/ti-cgt-pru-2.3.3/ti-cgt-pru_2.3.3/lib/src/frcdivf.h
Unpacking /mnt/smpusdk-yocto-build/build/yocto-build_am62xx-lp-evm-rt/build/arago-tmp-default-glibc/work/x86_64-nativesdk-arago-linux/nativesdk-ti-cgt-pru/2.3.3/ti-cgt-pru-2.3.3/ti-cgt-pru_2.3.3/lib/src/tmzone.c
Unpacking /mnt/smpusdk-yocto-build/build/yocto-build_am62xx-lp-evm-rt/build/arago-tmp-default-glibc/work/x86_64-nativesdk-arago-linux/nativesdk-ti-cgt-pru/2.3.3/ti-cgt-pru-2.3.3/ti-cgt-pru_2.3.3/lib/src/typeinfo.c
Unpacking /mnt/smpusdk-yocto-build/build/yocto-build_am62xx-lp-evm-rt/build/arago-tmp-default-glibc/work/x86_64-nativesdk-arago-linux/nativesdk-ti-cgt-pru/2.3.3/ti-cgt-pru-2.3.3/ti-cgt-pru_2.3.3/lib/src/gmtime.c
Unpacking /mnt/smpusdk-yocto-build/build/yocto-build_am62xx-lp-evm-rt/build/arago-tmp-default-glibc/work/x86_64-nativesdk-arago-linux/nativesdk-ti-cgt-pru/2.3.3/ti-cgt-pru-2.3.3/ti-cgt-pru_2.3.3/lib/src/vtbl.h
Unpacking /mnt/smpusdk-yocto-build/build/yocto-build_am62xx-lp-evm-rt/build/arago-tmp-default-glibc/work/x86_64-nativesdk-arago-linux/nativesdk-ti-cgt-pru/2.3.3/ti-cgt-pru-2.3.3/ti-cgt-pru_2.3.3/lib/src/cvtfd.c
Unpacking /mnt/smpusdk-yocto-build/build/yocto-build_am62xx-lp-evm-rt/build/arago-tmp-default-glibc/work/x86_64-nativesdk-arago-linux/nativesdk-ti-cgt-pru/2.3.3/ti-cgt-pru-2.3.3/ti-cgt-pru_2.3.3/lib/src/ungetc.c
Unpacking /mnt/smpusdk-yocto-build/build/yocto-build_am62xx-lp-evm-rt/build/arago-tmp-default-glibc/work/x86_64-nativesdk-arago-linux/nativesdk-ti-cgt-pru/2.3.3/ti-cgt-pru-2.3.3/ti-cgt-pru_2.3.3/lib/src/gtd.c
Unpacking /mnt/smpusdk-yocto-build/build/yocto-build_am62xx-lp-evm-rt/build/arago-tmp-default-glibc/work/x86_64-nativesdk-arago-linux/nativesdk-ti-cgt-pru/2.3.3/ti-cgt-pru-2.3.3/ti-cgt-pru_2.3.3/lib/src/float.h
Unpacking /mnt/smpusdk-yocto-build/build/yocto-build_am62xx-lp-evm-rt/build/arago-tmp-default-glibc/work/x86_64-nativesdk-arago-linux/nativesdk-ti-cgt-pru/2.3.3/ti-cgt-pru-2.3.3/ti-cgt-pru_2.3.3/lib/src/hostclock.c
Unpacking /mnt/smpusdk-yocto-build/build/yocto-build_am62xx-lp-evm-rt/build/arago-tmp-default-glibc/work/x86_64-nativesdk-arago-linux/nativesdk-ti-cgt-pru/2.3.3/ti-cgt-pru-2.3.3/ti-cgt-pru_2.3.3/lib/src/_lock.c
Unpacking /mnt/smpusdk-yocto-build/build/yocto-build_am62xx-lp-evm-rt/build/arago-tmp-default-glibc/work/x86_64-nativesdk-arago-linux/nativesdk-ti-cgt-pru/2.3.3/ti-cgt-pru-2.3.3/ti-cgt-pru_2.3.3/lib/src/isfinite.c
Unpacking /mnt/smpusdk-yocto-build/build/yocto-build_am62xx-lp-evm-rt/build/arago-tmp-default-glibc/work/x86_64-nativesdk-arago-linux/nativesdk-ti-cgt-pru/2.3.3/ti-cgt-pru-2.3.3/ti-cgt-pru_2.3.3/lib/src/modff_i.h
Unpacking /mnt/smpusdk-yocto-build/build/yocto-build_am62xx-lp-evm-rt/build/arago-tmp-default-glibc/work/x86_64-nativesdk-arago-linux/nativesdk-ti-cgt-pru/2.3.3/ti-cgt-pru-2.3.3/ti-cgt-pru_2.3.3/lib/src/hostwrite.c
Unpacking /mnt/smpusdk-yocto-build/build/yocto-build_am62xx-lp-evm-rt/build/arago-tmp-default-glibc/work/x86_64-nativesdk-arago-linux/nativesdk-ti-cgt-pru/2.3.3/ti-cgt-pru-2.3.3/ti-cgt-pru_2.3.3/lib/src/file.h
Unpacking /mnt/smpusdk-yocto-build/build/yocto-build_am62xx-lp-evm-rt/build/arago-tmp-default-glibc/work/x86_64-nativesdk-arago-linux/nativesdk-ti-cgt-pru/2.3.3/ti-cgt-pru-2.3.3/ti-cgt-pru_2.3.3/lib/src/divd.c
Unpacking /mnt/smpusdk-yocto-build/build/yocto-build_am62xx-lp-evm-rt/build/arago-tmp-default-glibc/work/x86_64-nativesdk-arago-linux/nativesdk-ti-cgt-pru/2.3.3/ti-cgt-pru-2.3.3/ti-cgt-pru_2.3.3/lib/src/memchr.c
Unpacking /mnt/smpusdk-yocto-build/build/yocto-build_am62xx-lp-evm-rt/build/arago-tmp-default-glibc/work/x86_64-nativesdk-arago-linux/nativesdk-ti-cgt-pru/2.3.3/ti-cgt-pru-2.3.3/ti-cgt-pru_2.3.3/lib/src/isnan.c
Unpacking /mnt/smpusdk-yocto-build/build/yocto-build_am62xx-lp-evm-rt/build/arago-tmp-default-glibc/work/x86_64-nativesdk-arago-linux/nativesdk-ti-cgt-pru/2.3.3/ti-cgt-pru-2.3.3/ti-cgt-pru_2.3.3/lib/src/s_clogf.c
Unpacking /mnt/smpusdk-yocto-build/build/yocto-build_am62xx-lp-evm-rt/build/arago-tmp-default-glibc/work/x86_64-nativesdk-arago-linux/nativesdk-ti-cgt-pru/2.3.3/ti-cgt-pru-2.3.3/ti-cgt-pru_2.3.3/lib/src/difftime64.c
Unpacking /mnt/smpusdk-yocto-build/build/yocto-build_am62xx-lp-evm-rt/build/arago-tmp-default-glibc/work/x86_64-nativesdk-arago-linux/nativesdk-ti-cgt-pru/2.3.3/ti-cgt-pru-2.3.3/ti-cgt-pru_2.3.3/lib/src/cxxabi.h
Unpacking /mnt/smpusdk-yocto-build/build/yocto-build_am62xx-lp-evm-rt/build/arago-tmp-default-glibc/work/x86_64-nativesdk-arago-linux/nativesdk-ti-cgt-pru/2.3.3/ti-cgt-pru-2.3.3/ti-cgt-pru_2.3.3/lib/src/neqlf.c
Unpacking /mnt/smpusdk-yocto-build/build/yocto-build_am62xx-lp-evm-rt/build/arago-tmp-default-glibc/work/x86_64-nativesdk-arago-linux/nativesdk-ti-cgt-pru/2.3.3/ti-cgt-pru-2.3.3/ti-cgt-pru_2.3.3/lib/src/fixfli.c
Unpacking /mnt/smpusdk-yocto-build/build/yocto-build_am62xx-lp-evm-rt/build/arago-tmp-default-glibc/work/x86_64-nativesdk-arago-linux/nativesdk-ti-cgt-pru/2.3.3/ti-cgt-pru-2.3.3/ti-cgt-pru_2.3.3/lib/src/acothf_i.h
Unpacking /mnt/smpusdk-yocto-build/build/yocto-build_am62xx-lp-evm-rt/build/arago-tmp-default-glibc/work/x86_64-nativesdk-arago-linux/nativesdk-ti-cgt-pru/2.3.3/ti-cgt-pru-2.3.3/ti-cgt-pru_2.3.3/lib/src/localtim64.c
Unpacking /mnt/smpusdk-yocto-build/build/yocto-build_am62xx-lp-evm-rt/build/arago-tmp-default-glibc/work/x86_64-nativesdk-arago-linux/nativesdk-ti-cgt-pru/2.3.3/ti-cgt-pru-2.3.3/ti-cgt-pru_2.3.3/lib/src/vsnprintf.c
Unpacking /mnt/smpusdk-yocto-build/build/yocto-build_am62xx-lp-evm-rt/build/arago-tmp-default-glibc/work/x86_64-nativesdk-arago-linux/nativesdk-ti-cgt-pru/2.3.3/ti-cgt-pru-2.3.3/ti-cgt-pru_2.3.3/lib/src/_ltoa.c
Unpacking /mnt/smpusdk-yocto-build/build/yocto-build_am62xx-lp-evm-rt/build/arago-tmp-default-glibc/work/x86_64-nativesdk-arago-linux/nativesdk-ti-cgt-pru/2.3.3/ti-cgt-pru-2.3.3/ti-cgt-pru_2.3.3/lib/src/pru_math.h
Unpacking /mnt/smpusdk-yocto-build/build/yocto-build_am62xx-lp-evm-rt/build/arago-tmp-default-glibc/work/x86_64-nativesdk-arago-linux/nativesdk-ti-cgt-pru/2.3.3/ti-cgt-pru-2.3.3/ti-cgt-pru_2.3.3/lib/src/dtor_list.c
Unpacking /mnt/smpusdk-yocto-build/build/yocto-build_am62xx-lp-evm-rt/build/arago-tmp-default-glibc/work/x86_64-nativesdk-arago-linux/nativesdk-ti-cgt-pru/2.3.3/ti-cgt-pru-2.3.3/ti-cgt-pru_2.3.3/lib/src/strncasecmp.c
Unpacking /mnt/smpusdk-yocto-build/build/yocto-build_am62xx-lp-evm-rt/build/arago-tmp-default-glibc/work/x86_64-nativesdk-arago-linux/nativesdk-ti-cgt-pru/2.3.3/ti-cgt-pru-2.3.3/ti-cgt-pru_2.3.3/lib/src/coshf.c
Unpacking /mnt/smpusdk-yocto-build/build/yocto-build_am62xx-lp-evm-rt/build/arago-tmp-default-glibc/work/x86_64-nativesdk-arago-linux/nativesdk-ti-cgt-pru/2.3.3/ti-cgt-pru-2.3.3/ti-cgt-pru_2.3.3/lib/src/signbit.c
Unpacking /mnt/smpusdk-yocto-build/build/yocto-build_am62xx-lp-evm-rt/build/arago-tmp-default-glibc/work/x86_64-nativesdk-arago-linux/nativesdk-ti-cgt-pru/2.3.3/ti-cgt-pru-2.3.3/ti-cgt-pru_2.3.3/lib/src/fputs.c
Unpacking /mnt/smpusdk-yocto-build/build/yocto-build_am62xx-lp-evm-rt/build/arago-tmp-default-glibc/work/x86_64-nativesdk-arago-linux/nativesdk-ti-cgt-pru/2.3.3/ti-cgt-pru-2.3.3/ti-cgt-pru_2.3.3/lib/src/common_exit.c
Unpacking /mnt/smpusdk-yocto-build/build/yocto-build_am62xx-lp-evm-rt/build/arago-tmp-default-glibc/work/x86_64-nativesdk-arago-linux/nativesdk-ti-cgt-pru/2.3.3/ti-cgt-pru-2.3.3/ti-cgt-pru_2.3.3/lib/src/fseek.c
Unpacking /mnt/smpusdk-yocto-build/build/yocto-build_am62xx-lp-evm-rt/build/arago-tmp-default-glibc/work/x86_64-nativesdk-arago-linux/nativesdk-ti-cgt-pru/2.3.3/ti-cgt-pru-2.3.3/ti-cgt-pru_2.3.3/lib/src/cpy_tbl.h
Unpacking /mnt/smpusdk-yocto-build/build/yocto-build_am62xx-lp-evm-rt/build/arago-tmp-default-glibc/work/x86_64-nativesdk-arago-linux/nativesdk-ti-cgt-pru/2.3.3/ti-cgt-pru-2.3.3/ti-cgt-pru_2.3.3/lib/src/fltlif.c
Unpacking /mnt/smpusdk-yocto-build/build/yocto-build_am62xx-lp-evm-rt/build/arago-tmp-default-glibc/work/x86_64-nativesdk-arago-linux/nativesdk-ti-cgt-pru/2.3.3/ti-cgt-pru-2.3.3/ti-cgt-pru_2.3.3/lib/src/renormf.c
Unpacking /mnt/smpusdk-yocto-build/build/yocto-build_am62xx-lp-evm-rt/build/arago-tmp-default-glibc/work/x86_64-nativesdk-arago-linux/nativesdk-ti-cgt-pru/2.3.3/ti-cgt-pru-2.3.3/ti-cgt-pru_2.3.3/lib/src/signal.h
Unpacking /mnt/smpusdk-yocto-build/build/yocto-build_am62xx-lp-evm-rt/build/arago-tmp-default-glibc/work/x86_64-nativesdk-arago-linux/nativesdk-ti-cgt-pru/2.3.3/ti-cgt-pru-2.3.3/ti-cgt-pru_2.3.3/lib/src/expf_i.h
Unpacking /mnt/smpusdk-yocto-build/build/yocto-build_am62xx-lp-evm-rt/build/arago-tmp-default-glibc/work/x86_64-nativesdk-arago-linux/nativesdk-ti-cgt-pru/2.3.3/ti-cgt-pru-2.3.3/ti-cgt-pru_2.3.3/lib/src/double_config.h
Unpacking /mnt/smpusdk-yocto-build/build/yocto-build_am62xx-lp-evm-rt/build/arago-tmp-default-glibc/work/x86_64-nativesdk-arago-linux/nativesdk-ti-cgt-pru/2.3.3/ti-cgt-pru-2.3.3/ti-cgt-pru_2.3.3/lib/src/lssf_i.h
Unpacking /mnt/smpusdk-yocto-build/build/yocto-build_am62xx-lp-evm-rt/build/arago-tmp-default-glibc/work/x86_64-nativesdk-arago-linux/nativesdk-ti-cgt-pru/2.3.3/ti-cgt-pru-2.3.3/ti-cgt-pru_2.3.3/lib/src/fwrite.c
Unpacking /mnt/smpusdk-yocto-build/build/yocto-build_am62xx-lp-evm-rt/build/arago-tmp-default-glibc/work/x86_64-nativesdk-arago-linux/nativesdk-ti-cgt-pru/2.3.3/ti-cgt-pru-2.3.3/ti-cgt-pru_2.3.3/lib/src/lslll.c
Unpacking /mnt/smpusdk-yocto-build/build/yocto-build_am62xx-lp-evm-rt/build/arago-tmp-default-glibc/work/x86_64-nativesdk-arago-linux/nativesdk-ti-cgt-pru/2.3.3/ti-cgt-pru-2.3.3/ti-cgt-pru_2.3.3/lib/src/toupper.c
Unpacking /mnt/smpusdk-yocto-build/build/yocto-build_am62xx-lp-evm-rt/build/arago-tmp-default-glibc/work/x86_64-nativesdk-arago-linux/nativesdk-ti-cgt-pru/2.3.3/ti-cgt-pru-2.3.3/ti-cgt-pru_2.3.3/lib/src/ctype.c
Unpacking /mnt/smpusdk-yocto-build/build/yocto-build_am62xx-lp-evm-rt/build/arago-tmp-default-glibc/work/x86_64-nativesdk-arago-linux/nativesdk-ti-cgt-pru/2.3.3/ti-cgt-pru-2.3.3/ti-cgt-pru_2.3.3/lib/src/vars.c
Unpacking /mnt/smpusdk-yocto-build/build/yocto-build_am62xx-lp-evm-rt/build/arago-tmp-default-glibc/work/x86_64-nativesdk-arago-linux/nativesdk-ti-cgt-pru/2.3.3/ti-cgt-pru-2.3.3/ti-cgt-pru_2.3.3/lib/src/atanh.c
Unpacking /mnt/smpusdk-yocto-build/build/yocto-build_am62xx-lp-evm-rt/build/arago-tmp-default-glibc/work/x86_64-nativesdk-arago-linux/nativesdk-ti-cgt-pru/2.3.3/ti-cgt-pru-2.3.3/ti-cgt-pru_2.3.3/lib/src/log10f_i.h
Unpacking /mnt/smpusdk-yocto-build/build/yocto-build_am62xx-lp-evm-rt/build/arago-tmp-default-glibc/work/x86_64-nativesdk-arago-linux/nativesdk-ti-cgt-pru/2.3.3/ti-cgt-pru-2.3.3/ti-cgt-pru_2.3.3/lib/src/trunc.c
Unpacking /mnt/smpusdk-yocto-build/build/yocto-build_am62xx-lp-evm-rt/build/arago-tmp-default-glibc/work/x86_64-nativesdk-arago-linux/nativesdk-ti-cgt-pru/2.3.3/ti-cgt-pru-2.3.3/ti-cgt-pru_2.3.3/lib/src/hostunlink.c
Unpacking /mnt/smpusdk-yocto-build/build/yocto-build_am62xx-lp-evm-rt/build/arago-tmp-default-glibc/work/x86_64-nativesdk-arago-linux/nativesdk-ti-cgt-pru/2.3.3/ti-cgt-pru-2.3.3/ti-cgt-pru_2.3.3/lib/src/acot.c
Unpacking /mnt/smpusdk-yocto-build/build/yocto-build_am62xx-lp-evm-rt/build/arago-tmp-default-glibc/work/x86_64-nativesdk-arago-linux/nativesdk-ti-cgt-pru/2.3.3/ti-cgt-pru-2.3.3/ti-cgt-pru_2.3.3/lib/src/s_cimag.c
Unpacking /mnt/smpusdk-yocto-build/build/yocto-build_am62xx-lp-evm-rt/build/arago-tmp-default-glibc/work/x86_64-nativesdk-arago-linux/nativesdk-ti-cgt-pru/2.3.3/ti-cgt-pru-2.3.3/ti-cgt-pru_2.3.3/lib/src/log10.c
Unpacking /mnt/smpusdk-yocto-build/build/yocto-build_am62xx-lp-evm-rt/build/arago-tmp-default-glibc/work/x86_64-nativesdk-arago-linux/nativesdk-ti-cgt-pru/2.3.3/ti-cgt-pru-2.3.3/ti-cgt-pru_2.3.3/lib/src/asinhf_i.h
Unpacking /mnt/smpusdk-yocto-build/build/yocto-build_am62xx-lp-evm-rt/build/arago-tmp-default-glibc/work/x86_64-nativesdk-arago-linux/nativesdk-ti-cgt-pru/2.3.3/ti-cgt-pru-2.3.3/ti-cgt-pru_2.3.3/lib/src/atol.c
Unpacking /mnt/smpusdk-yocto-build/build/yocto-build_am62xx-lp-evm-rt/build/arago-tmp-default-glibc/work/x86_64-nativesdk-arago-linux/nativesdk-ti-cgt-pru/2.3.3/ti-cgt-pru-2.3.3/ti-cgt-pru_2.3.3/lib/src/powi.c
Unpacking /mnt/smpusdk-yocto-build/build/yocto-build_am62xx-lp-evm-rt/build/arago-tmp-default-glibc/work/x86_64-nativesdk-arago-linux/nativesdk-ti-cgt-pru/2.3.3/ti-cgt-pru-2.3.3/ti-cgt-pru_2.3.3/lib/src/isupper.c
Unpacking /mnt/smpusdk-yocto-build/build/yocto-build_am62xx-lp-evm-rt/build/arago-tmp-default-glibc/work/x86_64-nativesdk-arago-linux/nativesdk-ti-cgt-pru/2.3.3/ti-cgt-pru-2.3.3/ti-cgt-pru_2.3.3/lib/src/log2.c
Unpacking /mnt/smpusdk-yocto-build/build/yocto-build_am62xx-lp-evm-rt/build/arago-tmp-default-glibc/work/x86_64-nativesdk-arago-linux/nativesdk-ti-cgt-pru/2.3.3/ti-cgt-pru-2.3.3/ti-cgt-pru_2.3.3/lib/src/_ti_config.h
Unpacking /mnt/smpusdk-yocto-build/build/yocto-build_am62xx-lp-evm-rt/build/arago-tmp-default-glibc/work/x86_64-nativesdk-arago-linux/nativesdk-ti-cgt-pru/2.3.3/ti-cgt-pru-2.3.3/ti-cgt-pru_2.3.3/lib/src/exp10f_i.h
Unpacking /mnt/smpusdk-yocto-build/build/yocto-build_am62xx-lp-evm-rt/build/arago-tmp-default-glibc/work/x86_64-nativesdk-arago-linux/nativesdk-ti-cgt-pru/2.3.3/ti-cgt-pru-2.3.3/ti-cgt-pru_2.3.3/lib/src/tolower.c
Unpacking /mnt/smpusdk-yocto-build/build/yocto-build_am62xx-lp-evm-rt/build/arago-tmp-default-glibc/work/x86_64-nativesdk-arago-linux/nativesdk-ti-cgt-pru/2.3.3/ti-cgt-pru-2.3.3/ti-cgt-pru_2.3.3/lib/src/s_ccoshf.c
Unpacking /mnt/smpusdk-yocto-build/build/yocto-build_am62xx-lp-evm-rt/build/arago-tmp-default-glibc/work/x86_64-nativesdk-arago-linux/nativesdk-ti-cgt-pru/2.3.3/ti-cgt-pru-2.3.3/ti-cgt-pru_2.3.3/lib/src/ceilf.c
Unpacking /mnt/smpusdk-yocto-build/build/yocto-build_am62xx-lp-evm-rt/build/arago-tmp-default-glibc/work/x86_64-nativesdk-arago-linux/nativesdk-ti-cgt-pru/2.3.3/ti-cgt-pru-2.3.3/ti-cgt-pru_2.3.3/lib/src/frcmpyf2_i.h
Unpacking /mnt/smpusdk-yocto-build/build/yocto-build_am62xx-lp-evm-rt/build/arago-tmp-default-glibc/work/x86_64-nativesdk-arago-linux/nativesdk-ti-cgt-pru/2.3.3/ti-cgt-pru-2.3.3/ti-cgt-pru_2.3.3/lib/src/s_conjf.c
Unpacking /mnt/smpusdk-yocto-build/build/yocto-build_am62xx-lp-evm-rt/build/arago-tmp-default-glibc/work/x86_64-nativesdk-arago-linux/nativesdk-ti-cgt-pru/2.3.3/ti-cgt-pru-2.3.3/ti-cgt-pru_2.3.3/lib/src/fclose.c
Unpacking /mnt/smpusdk-yocto-build/build/yocto-build_am62xx-lp-evm-rt/build/arago-tmp-default-glibc/work/x86_64-nativesdk-arago-linux/nativesdk-ti-cgt-pru/2.3.3/ti-cgt-pru-2.3.3/ti-cgt-pru_2.3.3/lib/src/fltllid.c
Unpacking /mnt/smpusdk-yocto-build/build/yocto-build_am62xx-lp-evm-rt/build/arago-tmp-default-glibc/work/x86_64-nativesdk-arago-linux/nativesdk-ti-cgt-pru/2.3.3/ti-cgt-pru-2.3.3/ti-cgt-pru_2.3.3/lib/src/reald.h
Unpacking /mnt/smpusdk-yocto-build/build/yocto-build_am62xx-lp-evm-rt/build/arago-tmp-default-glibc/work/x86_64-nativesdk-arago-linux/nativesdk-ti-cgt-pru/2.3.3/ti-cgt-pru-2.3.3/ti-cgt-pru_2.3.3/lib/src/logf.c
Unpacking /mnt/smpusdk-yocto-build/build/yocto-build_am62xx-lp-evm-rt/build/arago-tmp-default-glibc/work/x86_64-nativesdk-arago-linux/nativesdk-ti-cgt-pru/2.3.3/ti-cgt-pru-2.3.3/ti-cgt-pru_2.3.3/lib/src/negf_i.h
Unpacking /mnt/smpusdk-yocto-build/build/yocto-build_am62xx-lp-evm-rt/build/arago-tmp-default-glibc/work/x86_64-nativesdk-arago-linux/nativesdk-ti-cgt-pru/2.3.3/ti-cgt-pru-2.3.3/ti-cgt-pru_2.3.3/lib/src/lowlev.h
Unpacking /mnt/smpusdk-yocto-build/build/yocto-build_am62xx-lp-evm-rt/build/arago-tmp-default-glibc/work/x86_64-nativesdk-arago-linux/nativesdk-ti-cgt-pru/2.3.3/ti-cgt-pru-2.3.3/ti-cgt-pru_2.3.3/lib/src/snprintf.c
Unpacking /mnt/smpusdk-yocto-build/build/yocto-build_am62xx-lp-evm-rt/build/arago-tmp-default-glibc/work/x86_64-nativesdk-arago-linux/nativesdk-ti-cgt-pru/2.3.3/ti-cgt-pru-2.3.3/ti-cgt-pru_2.3.3/lib/src/getenv.c
Unpacking /mnt/smpusdk-yocto-build/build/yocto-build_am62xx-lp-evm-rt/build/arago-tmp-default-glibc/work/x86_64-nativesdk-arago-linux/nativesdk-ti-cgt-pru/2.3.3/ti-cgt-pru-2.3.3/ti-cgt-pru_2.3.3/lib/src/perror.c
Unpacking /mnt/smpusdk-yocto-build/build/yocto-build_am62xx-lp-evm-rt/build/arago-tmp-default-glibc/work/x86_64-nativesdk-arago-linux/nativesdk-ti-cgt-pru/2.3.3/ti-cgt-pru-2.3.3/ti-cgt-pru_2.3.3/lib/src/chunk.h
Unpacking /mnt/smpusdk-yocto-build/build/yocto-build_am62xx-lp-evm-rt/build/arago-tmp-default-glibc/work/x86_64-nativesdk-arago-linux/nativesdk-ti-cgt-pru/2.3.3/ti-cgt-pru-2.3.3/ti-cgt-pru_2.3.3/lib/src/powf_i.h
Unpacking /mnt/smpusdk-yocto-build/build/yocto-build_am62xx-lp-evm-rt/build/arago-tmp-default-glibc/work/x86_64-nativesdk-arago-linux/nativesdk-ti-cgt-pru/2.3.3/ti-cgt-pru-2.3.3/ti-cgt-pru_2.3.3/lib/src/acoshf.c
Unpacking /mnt/smpusdk-yocto-build/build/yocto-build_am62xx-lp-evm-rt/build/arago-tmp-default-glibc/work/x86_64-nativesdk-arago-linux/nativesdk-ti-cgt-pru/2.3.3/ti-cgt-pru-2.3.3/ti-cgt-pru_2.3.3/lib/src/autoinit.h
Unpacking /mnt/smpusdk-yocto-build/build/yocto-build_am62xx-lp-evm-rt/build/arago-tmp-default-glibc/work/x86_64-nativesdk-arago-linux/nativesdk-ti-cgt-pru/2.3.3/ti-cgt-pru-2.3.3/ti-cgt-pru_2.3.3/lib/src/error.h
Unpacking /mnt/smpusdk-yocto-build/build/yocto-build_am62xx-lp-evm-rt/build/arago-tmp-default-glibc/work/x86_64-nativesdk-arago-linux/nativesdk-ti-cgt-pru/2.3.3/ti-cgt-pru-2.3.3/ti-cgt-pru_2.3.3/lib/src/_pthread.c
Unpacking /mnt/smpusdk-yocto-build/build/yocto-build_am62xx-lp-evm-rt/build/arago-tmp-default-glibc/work/x86_64-nativesdk-arago-linux/nativesdk-ti-cgt-pru/2.3.3/ti-cgt-pru-2.3.3/ti-cgt-pru_2.3.3/lib/src/math_private.h
Unpacking /mnt/smpusdk-yocto-build/build/yocto-build_am62xx-lp-evm-rt/build/arago-tmp-default-glibc/work/x86_64-nativesdk-arago-linux/nativesdk-ti-cgt-pru/2.3.3/ti-cgt-pru-2.3.3/ti-cgt-pru_2.3.3/lib/src/setvbuf.c
Unpacking /mnt/smpusdk-yocto-build/build/yocto-build_am62xx-lp-evm-rt/build/arago-tmp-default-glibc/work/x86_64-nativesdk-arago-linux/nativesdk-ti-cgt-pru/2.3.3/ti-cgt-pru-2.3.3/ti-cgt-pru_2.3.3/lib/src/asinhf.c
Unpacking /mnt/smpusdk-yocto-build/build/yocto-build_am62xx-lp-evm-rt/build/arago-tmp-default-glibc/work/x86_64-nativesdk-arago-linux/nativesdk-ti-cgt-pru/2.3.3/ti-cgt-pru-2.3.3/ti-cgt-pru_2.3.3/lib/src/addd.c
Unpacking /mnt/smpusdk-yocto-build/build/yocto-build_am62xx-lp-evm-rt/build/arago-tmp-default-glibc/work/x86_64-nativesdk-arago-linux/nativesdk-ti-cgt-pru/2.3.3/ti-cgt-pru-2.3.3/ti-cgt-pru_2.3.3/lib/src/fixdi.c
Unpacking /mnt/smpusdk-yocto-build/build/yocto-build_am62xx-lp-evm-rt/build/arago-tmp-default-glibc/work/x86_64-nativesdk-arago-linux/nativesdk-ti-cgt-pru/2.3.3/ti-cgt-pru-2.3.3/ti-cgt-pru_2.3.3/lib/src/strncat.c
Unpacking /mnt/smpusdk-yocto-build/build/yocto-build_am62xx-lp-evm-rt/build/arago-tmp-default-glibc/work/x86_64-nativesdk-arago-linux/nativesdk-ti-cgt-pru/2.3.3/ti-cgt-pru-2.3.3/ti-cgt-pru_2.3.3/lib/src/guard.c
Unpacking /mnt/smpusdk-yocto-build/build/yocto-build_am62xx-lp-evm-rt/build/arago-tmp-default-glibc/work/x86_64-nativesdk-arago-linux/nativesdk-ti-cgt-pru/2.3.3/ti-cgt-pru-2.3.3/ti-cgt-pru_2.3.3/lib/src/array_del.c
Unpacking /mnt/smpusdk-yocto-build/build/yocto-build_am62xx-lp-evm-rt/build/arago-tmp-default-glibc/work/x86_64-nativesdk-arago-linux/nativesdk-ti-cgt-pru/2.3.3/ti-cgt-pru-2.3.3/ti-cgt-pru_2.3.3/lib/src/set_new.c
Unpacking /mnt/smpusdk-yocto-build/build/yocto-build_am62xx-lp-evm-rt/build/arago-tmp-default-glibc/work/x86_64-nativesdk-arago-linux/nativesdk-ti-cgt-pru/2.3.3/ti-cgt-pru-2.3.3/ti-cgt-pru_2.3.3/lib/src/sinf_i.h
Unpacking /mnt/smpusdk-yocto-build/build/yocto-build_am62xx-lp-evm-rt/build/arago-tmp-default-glibc/work/x86_64-nativesdk-arago-linux/nativesdk-ti-cgt-pru/2.3.3/ti-cgt-pru-2.3.3/ti-cgt-pru_2.3.3/lib/src/memcmp.c
Unpacking /mnt/smpusdk-yocto-build/build/yocto-build_am62xx-lp-evm-rt/build/arago-tmp-default-glibc/work/x86_64-nativesdk-arago-linux/nativesdk-ti-cgt-pru/2.3.3/ti-cgt-pru-2.3.3/ti-cgt-pru_2.3.3/lib/src/basics.h
Unpacking /mnt/smpusdk-yocto-build/build/yocto-build_am62xx-lp-evm-rt/build/arago-tmp-default-glibc/work/x86_64-nativesdk-arago-linux/nativesdk-ti-cgt-pru/2.3.3/ti-cgt-pru-2.3.3/ti-cgt-pru_2.3.3/lib/src/sqrtf_i.h
Unpacking /mnt/smpusdk-yocto-build/build/yocto-build_am62xx-lp-evm-rt/build/arago-tmp-default-glibc/work/x86_64-nativesdk-arago-linux/nativesdk-ti-cgt-pru/2.3.3/ti-cgt-pru-2.3.3/ti-cgt-pru_2.3.3/lib/src/vprintf.c
Unpacking /mnt/smpusdk-yocto-build/build/yocto-build_am62xx-lp-evm-rt/build/arago-tmp-default-glibc/work/x86_64-nativesdk-arago-linux/nativesdk-ti-cgt-pru/2.3.3/ti-cgt-pru-2.3.3/ti-cgt-pru_2.3.3/lib/src/acotf.c
Unpacking /mnt/smpusdk-yocto-build/build/yocto-build_am62xx-lp-evm-rt/build/arago-tmp-default-glibc/work/x86_64-nativesdk-arago-linux/nativesdk-ti-cgt-pru/2.3.3/ti-cgt-pru-2.3.3/ti-cgt-pru_2.3.3/lib/src/string.h
Unpacking /mnt/smpusdk-yocto-build/build/yocto-build_am62xx-lp-evm-rt/build/arago-tmp-default-glibc/work/x86_64-nativesdk-arago-linux/nativesdk-ti-cgt-pru/2.3.3/ti-cgt-pru-2.3.3/ti-cgt-pru_2.3.3/lib/src/frexpf.c
Unpacking /mnt/smpusdk-yocto-build/build/yocto-build_am62xx-lp-evm-rt/build/arago-tmp-default-glibc/work/x86_64-nativesdk-arago-linux/nativesdk-ti-cgt-pru/2.3.3/ti-cgt-pru-2.3.3/ti-cgt-pru_2.3.3/lib/src/logf_i.h
Unpacking /mnt/smpusdk-yocto-build/build/yocto-build_am62xx-lp-evm-rt/build/arago-tmp-default-glibc/work/x86_64-nativesdk-arago-linux/nativesdk-ti-cgt-pru/2.3.3/ti-cgt-pru-2.3.3/ti-cgt-pru_2.3.3/lib/src/fmodf.c
Unpacking /mnt/smpusdk-yocto-build/build/yocto-build_am62xx-lp-evm-rt/build/arago-tmp-default-glibc/work/x86_64-nativesdk-arago-linux/nativesdk-ti-cgt-pru/2.3.3/ti-cgt-pru-2.3.3/ti-cgt-pru_2.3.3/lib/src/wctype.c
Unpacking /mnt/smpusdk-yocto-build/build/yocto-build_am62xx-lp-evm-rt/build/arago-tmp-default-glibc/work/x86_64-nativesdk-arago-linux/nativesdk-ti-cgt-pru/2.3.3/ti-cgt-pru-2.3.3/ti-cgt-pru_2.3.3/lib/src/exit.c
Unpacking /mnt/smpusdk-yocto-build/build/yocto-build_am62xx-lp-evm-rt/build/arago-tmp-default-glibc/work/x86_64-nativesdk-arago-linux/nativesdk-ti-cgt-pru/2.3.3/ti-cgt-pru-2.3.3/ti-cgt-pru_2.3.3/lib/src/strncpy.c
Unpacking /mnt/smpusdk-yocto-build/build/yocto-build_am62xx-lp-evm-rt/build/arago-tmp-default-glibc/work/x86_64-nativesdk-arago-linux/nativesdk-ti-cgt-pru/2.3.3/ti-cgt-pru-2.3.3/ti-cgt-pru_2.3.3/lib/src/ldiv.c
Unpacking /mnt/smpusdk-yocto-build/build/yocto-build_am62xx-lp-evm-rt/build/arago-tmp-default-glibc/work/x86_64-nativesdk-arago-linux/nativesdk-ti-cgt-pru/2.3.3/ti-cgt-pru-2.3.3/ti-cgt-pru_2.3.3/lib/src/lseek.c
Unpacking /mnt/smpusdk-yocto-build/build/yocto-build_am62xx-lp-evm-rt/build/arago-tmp-default-glibc/work/x86_64-nativesdk-arago-linux/nativesdk-ti-cgt-pru/2.3.3/ti-cgt-pru-2.3.3/ti-cgt-pru_2.3.3/lib/src/s_cpow.c
Unpacking /mnt/smpusdk-yocto-build/build/yocto-build_am62xx-lp-evm-rt/build/arago-tmp-default-glibc/work/x86_64-nativesdk-arago-linux/nativesdk-ti-cgt-pru/2.3.3/ti-cgt-pru-2.3.3/ti-cgt-pru_2.3.3/lib/src/absf_i.h
Unpacking /mnt/smpusdk-yocto-build/build/yocto-build_am62xx-lp-evm-rt/build/arago-tmp-default-glibc/work/x86_64-nativesdk-arago-linux/nativesdk-ti-cgt-pru/2.3.3/ti-cgt-pru-2.3.3/ti-cgt-pru_2.3.3/lib/src/math_intr_access.h
Unpacking /mnt/smpusdk-yocto-build/build/yocto-build_am62xx-lp-evm-rt/build/arago-tmp-default-glibc/work/x86_64-nativesdk-arago-linux/nativesdk-ti-cgt-pru/2.3.3/ti-cgt-pru-2.3.3/ti-cgt-pru_2.3.3/lib/src/mathf.h
Unpacking /mnt/smpusdk-yocto-build/build/yocto-build_am62xx-lp-evm-rt/build/arago-tmp-default-glibc/work/x86_64-nativesdk-arago-linux/nativesdk-ti-cgt-pru/2.3.3/ti-cgt-pru-2.3.3/ti-cgt-pru_2.3.3/lib/src/isascii.c
Unpacking /mnt/smpusdk-yocto-build/build/yocto-build_am62xx-lp-evm-rt/build/arago-tmp-default-glibc/work/x86_64-nativesdk-arago-linux/nativesdk-ti-cgt-pru/2.3.3/ti-cgt-pru-2.3.3/ti-cgt-pru_2.3.3/lib/src/memzero.h
Unpacking /mnt/smpusdk-yocto-build/build/yocto-build_am62xx-lp-evm-rt/build/arago-tmp-default-glibc/work/x86_64-nativesdk-arago-linux/nativesdk-ti-cgt-pru/2.3.3/ti-cgt-pru-2.3.3/ti-cgt-pru_2.3.3/lib/src/strcat.c
Unpacking /mnt/smpusdk-yocto-build/build/yocto-build_am62xx-lp-evm-rt/build/arago-tmp-default-glibc/work/x86_64-nativesdk-arago-linux/nativesdk-ti-cgt-pru/2.3.3/ti-cgt-pru-2.3.3/ti-cgt-pru_2.3.3/lib/src/imaxabs.c
Unpacking /mnt/smpusdk-yocto-build/build/yocto-build_am62xx-lp-evm-rt/build/arago-tmp-default-glibc/work/x86_64-nativesdk-arago-linux/nativesdk-ti-cgt-pru/2.3.3/ti-cgt-pru-2.3.3/ti-cgt-pru_2.3.3/lib/src/acot2.c
Unpacking /mnt/smpusdk-yocto-build/build/yocto-build_am62xx-lp-evm-rt/build/arago-tmp-default-glibc/work/x86_64-nativesdk-arago-linux/nativesdk-ti-cgt-pru/2.3.3/ti-cgt-pru-2.3.3/ti-cgt-pru_2.3.3/lib/src/exp.c
Unpacking /mnt/smpusdk-yocto-build/build/yocto-build_am62xx-lp-evm-rt/build/arago-tmp-default-glibc/work/x86_64-nativesdk-arago-linux/nativesdk-ti-cgt-pru/2.3.3/ti-cgt-pru-2.3.3/ti-cgt-pru_2.3.3/lib/src/frcdivf2_i.h
Unpacking /mnt/smpusdk-yocto-build/build/yocto-build_am62xx-lp-evm-rt/build/arago-tmp-default-glibc/work/x86_64-nativesdk-arago-linux/nativesdk-ti-cgt-pru/2.3.3/ti-cgt-pru-2.3.3/ti-cgt-pru_2.3.3/lib/src/c99_complex.c
Unpacking /mnt/smpusdk-yocto-build/build/yocto-build_am62xx-lp-evm-rt/build/arago-tmp-default-glibc/work/x86_64-nativesdk-arago-linux/nativesdk-ti-cgt-pru/2.3.3/ti-cgt-pru-2.3.3/ti-cgt-pru_2.3.3/lib/src/strstr.c
Unpacking /mnt/smpusdk-yocto-build/build/yocto-build_am62xx-lp-evm-rt/build/arago-tmp-default-glibc/work/x86_64-nativesdk-arago-linux/nativesdk-ti-cgt-pru/2.3.3/ti-cgt-pru-2.3.3/ti-cgt-pru_2.3.3/lib/src/mpyf_i.h
Unpacking /mnt/smpusdk-yocto-build/build/yocto-build_am62xx-lp-evm-rt/build/arago-tmp-default-glibc/work/x86_64-nativesdk-arago-linux/nativesdk-ti-cgt-pru/2.3.3/ti-cgt-pru-2.3.3/ti-cgt-pru_2.3.3/lib/src/wmemcpy.c
Unpacking /mnt/smpusdk-yocto-build/build/yocto-build_am62xx-lp-evm-rt/build/arago-tmp-default-glibc/work/x86_64-nativesdk-arago-linux/nativesdk-ti-cgt-pru/2.3.3/ti-cgt-pru-2.3.3/ti-cgt-pru_2.3.3/lib/src/multibyte.c
Unpacking /mnt/smpusdk-yocto-build/build/yocto-build_am62xx-lp-evm-rt/build/arago-tmp-default-glibc/work/x86_64-nativesdk-arago-linux/nativesdk-ti-cgt-pru/2.3.3/ti-cgt-pru-2.3.3/ti-cgt-pru_2.3.3/lib/src/renormf_i.h
Unpacking /mnt/smpusdk-yocto-build/build/yocto-build_am62xx-lp-evm-rt/build/arago-tmp-default-glibc/work/x86_64-nativesdk-arago-linux/nativesdk-ti-cgt-pru/2.3.3/ti-cgt-pru-2.3.3/ti-cgt-pru_2.3.3/lib/src/newnothrow.c
Unpacking /mnt/smpusdk-yocto-build/build/yocto-build_am62xx-lp-evm-rt/build/arago-tmp-default-glibc/work/x86_64-nativesdk-arago-linux/nativesdk-ti-cgt-pru/2.3.3/ti-cgt-pru-2.3.3/ti-cgt-pru_2.3.3/lib/src/error.c
Unpacking /mnt/smpusdk-yocto-build/build/yocto-build_am62xx-lp-evm-rt/build/arago-tmp-default-glibc/work/x86_64-nativesdk-arago-linux/nativesdk-ti-cgt-pru/2.3.3/ti-cgt-pru-2.3.3/ti-cgt-pru_2.3.3/lib/src/write.c
Unpacking /mnt/smpusdk-yocto-build/build/yocto-build_am62xx-lp-evm-rt/build/arago-tmp-default-glibc/work/x86_64-nativesdk-arago-linux/nativesdk-ti-cgt-pru/2.3.3/ti-cgt-pru-2.3.3/ti-cgt-pru_2.3.3/lib/src/renormd.h
Unpacking /mnt/smpusdk-yocto-build/build/yocto-build_am62xx-lp-evm-rt/build/arago-tmp-default-glibc/work/x86_64-nativesdk-arago-linux/nativesdk-ti-cgt-pru/2.3.3/ti-cgt-pru-2.3.3/ti-cgt-pru_2.3.3/lib/src/boot_hooks.h
Unpacking /mnt/smpusdk-yocto-build/build/yocto-build_am62xx-lp-evm-rt/build/arago-tmp-default-glibc/work/x86_64-nativesdk-arago-linux/nativesdk-ti-cgt-pru/2.3.3/ti-cgt-pru-2.3.3/ti-cgt-pru_2.3.3/lib/src/array_pnew.c
Unpacking /mnt/smpusdk-yocto-build/build/yocto-build_am62xx-lp-evm-rt/build/arago-tmp-default-glibc/work/x86_64-nativesdk-arago-linux/nativesdk-ti-cgt-pru/2.3.3/ti-cgt-pru-2.3.3/ti-cgt-pru_2.3.3/lib/src/memset.c
Unpacking /mnt/smpusdk-yocto-build/build/yocto-build_am62xx-lp-evm-rt/build/arago-tmp-default-glibc/work/x86_64-nativesdk-arago-linux/nativesdk-ti-cgt-pru/2.3.3/ti-cgt-pru-2.3.3/ti-cgt-pru_2.3.3/lib/src/gtf.c
Unpacking /mnt/smpusdk-yocto-build/build/yocto-build_am62xx-lp-evm-rt/build/arago-tmp-default-glibc/work/x86_64-nativesdk-arago-linux/nativesdk-ti-cgt-pru/2.3.3/ti-cgt-pru-2.3.3/ti-cgt-pru_2.3.3/lib/src/s_creal.c
Unpacking /mnt/smpusdk-yocto-build/build/yocto-build_am62xx-lp-evm-rt/build/arago-tmp-default-glibc/work/x86_64-nativesdk-arago-linux/nativesdk-ti-cgt-pru/2.3.3/ti-cgt-pru-2.3.3/ti-cgt-pru_2.3.3/lib/src/hostopen.c
Unpacking /mnt/smpusdk-yocto-build/build/yocto-build_am62xx-lp-evm-rt/build/arago-tmp-default-glibc/work/x86_64-nativesdk-arago-linux/nativesdk-ti-cgt-pru/2.3.3/ti-cgt-pru-2.3.3/ti-cgt-pru_2.3.3/lib/src/lldiv.c
Unpacking /mnt/smpusdk-yocto-build/build/yocto-build_am62xx-lp-evm-rt/build/arago-tmp-default-glibc/work/x86_64-nativesdk-arago-linux/nativesdk-ti-cgt-pru/2.3.3/ti-cgt-pru-2.3.3/ti-cgt-pru_2.3.3/lib/src/time64.c
Unpacking /mnt/smpusdk-yocto-build/build/yocto-build_am62xx-lp-evm-rt/build/arago-tmp-default-glibc/work/x86_64-nativesdk-arago-linux/nativesdk-ti-cgt-pru/2.3.3/ti-cgt-pru-2.3.3/ti-cgt-pru_2.3.3/lib/src/index.c
Unpacking /mnt/smpusdk-yocto-build/build/yocto-build_am62xx-lp-evm-rt/build/arago-tmp-default-glibc/work/x86_64-nativesdk-arago-linux/nativesdk-ti-cgt-pru/2.3.3/ti-cgt-pru-2.3.3/ti-cgt-pru_2.3.3/lib/src/fltllif.c
Unpacking /mnt/smpusdk-yocto-build/build/yocto-build_am62xx-lp-evm-rt/build/arago-tmp-default-glibc/work/x86_64-nativesdk-arago-linux/nativesdk-ti-cgt-pru/2.3.3/ti-cgt-pru-2.3.3/ti-cgt-pru_2.3.3/lib/src/acosf_i.h
Unpacking /mnt/smpusdk-yocto-build/build/yocto-build_am62xx-lp-evm-rt/build/arago-tmp-default-glibc/work/x86_64-nativesdk-arago-linux/nativesdk-ti-cgt-pru/2.3.3/ti-cgt-pru-2.3.3/ti-cgt-pru_2.3.3/lib/src/assert.c
Unpacking /mnt/smpusdk-yocto-build/build/yocto-build_am62xx-lp-evm-rt/build/arago-tmp-default-glibc/work/x86_64-nativesdk-arago-linux/nativesdk-ti-cgt-pru/2.3.3/ti-cgt-pru-2.3.3/ti-cgt-pru_2.3.3/lib/src/tanh.c
Unpacking /mnt/smpusdk-yocto-build/build/yocto-build_am62xx-lp-evm-rt/build/arago-tmp-default-glibc/work/x86_64-nativesdk-arago-linux/nativesdk-ti-cgt-pru/2.3.3/ti-cgt-pru-2.3.3/ti-cgt-pru_2.3.3/lib/src/decode.c
Unpacking /mnt/smpusdk-yocto-build/build/yocto-build_am62xx-lp-evm-rt/build/arago-tmp-default-glibc/work/x86_64-nativesdk-arago-linux/nativesdk-ti-cgt-pru/2.3.3/ti-cgt-pru-2.3.3/ti-cgt-pru_2.3.3/lib/src/isnormalf_i.h
Unpacking /mnt/smpusdk-yocto-build/build/yocto-build_am62xx-lp-evm-rt/build/arago-tmp-default-glibc/work/x86_64-nativesdk-arago-linux/nativesdk-ti-cgt-pru/2.3.3/ti-cgt-pru-2.3.3/ti-cgt-pru_2.3.3/lib/src/mathl.h
Unpacking /mnt/smpusdk-yocto-build/build/yocto-build_am62xx-lp-evm-rt/build/arago-tmp-default-glibc/work/x86_64-nativesdk-arago-linux/nativesdk-ti-cgt-pru/2.3.3/ti-cgt-pru-2.3.3/ti-cgt-pru_2.3.3/lib/src/fltuld.c
Unpacking /mnt/smpusdk-yocto-build/build/yocto-build_am62xx-lp-evm-rt/build/arago-tmp-default-glibc/work/x86_64-nativesdk-arago-linux/nativesdk-ti-cgt-pru/2.3.3/ti-cgt-pru-2.3.3/ti-cgt-pru_2.3.3/lib/src/strchr.c
Unpacking /mnt/smpusdk-yocto-build/build/yocto-build_am62xx-lp-evm-rt/build/arago-tmp-default-glibc/work/x86_64-nativesdk-arago-linux/nativesdk-ti-cgt-pru/2.3.3/ti-cgt-pru-2.3.3/ti-cgt-pru_2.3.3/lib/src/isnormal.c
Unpacking /mnt/smpusdk-yocto-build/build/yocto-build_am62xx-lp-evm-rt/build/arago-tmp-default-glibc/work/x86_64-nativesdk-arago-linux/nativesdk-ti-cgt-pru/2.3.3/ti-cgt-pru-2.3.3/ti-cgt-pru_2.3.3/lib/src/args_main.c
Unpacking /mnt/smpusdk-yocto-build/build/yocto-build_am62xx-lp-evm-rt/build/arago-tmp-default-glibc/work/x86_64-nativesdk-arago-linux/nativesdk-ti-cgt-pru/2.3.3/ti-cgt-pru-2.3.3/ti-cgt-pru_2.3.3/lib/src/s_cprojf.c
Unpacking /mnt/smpusdk-yocto-build/build/yocto-build_am62xx-lp-evm-rt/build/arago-tmp-default-glibc/work/x86_64-nativesdk-arago-linux/nativesdk-ti-cgt-pru/2.3.3/ti-cgt-pru-2.3.3/ti-cgt-pru_2.3.3/lib/src/wmemmove.c
Unpacking /mnt/smpusdk-yocto-build/build/yocto-build_am62xx-lp-evm-rt/build/arago-tmp-default-glibc/work/x86_64-nativesdk-arago-linux/nativesdk-ti-cgt-pru/2.3.3/ti-cgt-pru-2.3.3/ti-cgt-pru_2.3.3/lib/src/atof.c
Unpacking /mnt/smpusdk-yocto-build/build/yocto-build_am62xx-lp-evm-rt/build/arago-tmp-default-glibc/work/x86_64-nativesdk-arago-linux/nativesdk-ti-cgt-pru/2.3.3/ti-cgt-pru-2.3.3/ti-cgt-pru_2.3.3/lib/src/fflush.c
Unpacking /mnt/smpusdk-yocto-build/build/yocto-build_am62xx-lp-evm-rt/build/arago-tmp-default-glibc/work/x86_64-nativesdk-arago-linux/nativesdk-ti-cgt-pru/2.3.3/ti-cgt-pru-2.3.3/ti-cgt-pru_2.3.3/lib/src/fixfull.c
Unpacking /mnt/smpusdk-yocto-build/build/yocto-build_am62xx-lp-evm-rt/build/arago-tmp-default-glibc/work/x86_64-nativesdk-arago-linux/nativesdk-ti-cgt-pru/2.3.3/ti-cgt-pru-2.3.3/ti-cgt-pru_2.3.3/lib/src/add_device.c
Unpacking /mnt/smpusdk-yocto-build/build/yocto-build_am62xx-lp-evm-rt/build/arago-tmp-default-glibc/work/x86_64-nativesdk-arago-linux/nativesdk-ti-cgt-pru/2.3.3/ti-cgt-pru-2.3.3/ti-cgt-pru_2.3.3/lib/src/gmtime64.c
Unpacking /mnt/smpusdk-yocto-build/build/yocto-build_am62xx-lp-evm-rt/build/arago-tmp-default-glibc/work/x86_64-nativesdk-arago-linux/nativesdk-ti-cgt-pru/2.3.3/ti-cgt-pru-2.3.3/ti-cgt-pru_2.3.3/lib/src/frexp2_i.h
Unpacking /mnt/smpusdk-yocto-build/build/yocto-build_am62xx-lp-evm-rt/build/arago-tmp-default-glibc/work/x86_64-nativesdk-arago-linux/nativesdk-ti-cgt-pru/2.3.3/ti-cgt-pru-2.3.3/ti-cgt-pru_2.3.3/lib/src/addf.c
Unpacking /mnt/smpusdk-yocto-build/build/yocto-build_am62xx-lp-evm-rt/build/arago-tmp-default-glibc/work/x86_64-nativesdk-arago-linux/nativesdk-ti-cgt-pru/2.3.3/ti-cgt-pru-2.3.3/ti-cgt-pru_2.3.3/lib/src/vec_cctor.c
Unpacking /mnt/smpusdk-yocto-build/build/yocto-build_am62xx-lp-evm-rt/build/arago-tmp-default-glibc/work/x86_64-nativesdk-arago-linux/nativesdk-ti-cgt-pru/2.3.3/ti-cgt-pru-2.3.3/ti-cgt-pru_2.3.3/lib/src/frcmpyd.c
Unpacking /mnt/smpusdk-yocto-build/build/yocto-build_am62xx-lp-evm-rt/build/arago-tmp-default-glibc/work/x86_64-nativesdk-arago-linux/nativesdk-ti-cgt-pru/2.3.3/ti-cgt-pru-2.3.3/ti-cgt-pru_2.3.3/lib/src/ieeef.h
Unpacking /mnt/smpusdk-yocto-build/build/yocto-build_am62xx-lp-evm-rt/build/arago-tmp-default-glibc/work/x86_64-nativesdk-arago-linux/nativesdk-ti-cgt-pru/2.3.3/ti-cgt-pru-2.3.3/ti-cgt-pru_2.3.3/lib/src/floor.c
Unpacking /mnt/smpusdk-yocto-build/build/yocto-build_am62xx-lp-evm-rt/build/arago-tmp-default-glibc/work/x86_64-nativesdk-arago-linux/nativesdk-ti-cgt-pru/2.3.3/ti-cgt-pru-2.3.3/ti-cgt-pru_2.3.3/lib/src/isinff.c
Unpacking /mnt/smpusdk-yocto-build/build/yocto-build_am62xx-lp-evm-rt/build/arago-tmp-default-glibc/work/x86_64-nativesdk-arago-linux/nativesdk-ti-cgt-pru/2.3.3/ti-cgt-pru-2.3.3/ti-cgt-pru_2.3.3/lib/src/strcasecmp.c
Unpacking /mnt/smpusdk-yocto-build/build/yocto-build_am62xx-lp-evm-rt/build/arago-tmp-default-glibc/work/x86_64-nativesdk-arago-linux/nativesdk-ti-cgt-pru/2.3.3/ti-cgt-pru-2.3.3/ti-cgt-pru_2.3.3/lib/src/s_cexp.c
Unpacking /mnt/smpusdk-yocto-build/build/yocto-build_am62xx-lp-evm-rt/build/arago-tmp-default-glibc/work/x86_64-nativesdk-arago-linux/nativesdk-ti-cgt-pru/2.3.3/ti-cgt-pru-2.3.3/ti-cgt-pru_2.3.3/lib/src/renormd.c
Unpacking /mnt/smpusdk-yocto-build/build/yocto-build_am62xx-lp-evm-rt/build/arago-tmp-default-glibc/work/x86_64-nativesdk-arago-linux/nativesdk-ti-cgt-pru/2.3.3/ti-cgt-pru-2.3.3/ti-cgt-pru_2.3.3/lib/src/sscanf.c
Unpacking /mnt/smpusdk-yocto-build/build/yocto-build_am62xx-lp-evm-rt/build/arago-tmp-default-glibc/work/x86_64-nativesdk-arago-linux/nativesdk-ti-cgt-pru/2.3.3/ti-cgt-pru-2.3.3/ti-cgt-pru_2.3.3/lib/src/_scanfi_min.c
Unpacking /mnt/smpusdk-yocto-build/build/yocto-build_am62xx-lp-evm-rt/build/arago-tmp-default-glibc/work/x86_64-nativesdk-arago-linux/nativesdk-ti-cgt-pru/2.3.3/ti-cgt-pru-2.3.3/ti-cgt-pru_2.3.3/lib/src/_lock.h
Unpacking /mnt/smpusdk-yocto-build/build/yocto-build_am62xx-lp-evm-rt/build/arago-tmp-default-glibc/work/x86_64-nativesdk-arago-linux/nativesdk-ti-cgt-pru/2.3.3/ti-cgt-pru-2.3.3/ti-cgt-pru_2.3.3/lib/src/coshf_i.h
Unpacking /mnt/smpusdk-yocto-build/build/yocto-build_am62xx-lp-evm-rt/build/arago-tmp-default-glibc/work/x86_64-nativesdk-arago-linux/nativesdk-ti-cgt-pru/2.3.3/ti-cgt-pru-2.3.3/ti-cgt-pru_2.3.3/lib/src/div.c
Unpacking /mnt/smpusdk-yocto-build/build/yocto-build_am62xx-lp-evm-rt/build/arago-tmp-default-glibc/work/x86_64-nativesdk-arago-linux/nativesdk-ti-cgt-pru/2.3.3/ti-cgt-pru-2.3.3/ti-cgt-pru_2.3.3/lib/src/pure_virt.c
Unpacking /mnt/smpusdk-yocto-build/build/yocto-build_am62xx-lp-evm-rt/build/arago-tmp-default-glibc/work/x86_64-nativesdk-arago-linux/nativesdk-ti-cgt-pru/2.3.3/ti-cgt-pru-2.3.3/ti-cgt-pru_2.3.3/lib/src/linkage.h
Unpacking /mnt/smpusdk-yocto-build/build/yocto-build_am62xx-lp-evm-rt/build/arago-tmp-default-glibc/work/x86_64-nativesdk-arago-linux/nativesdk-ti-cgt-pru/2.3.3/ti-cgt-pru-2.3.3/ti-cgt-pru_2.3.3/lib/src/s_clog.c
Unpacking /mnt/smpusdk-yocto-build/build/yocto-build_am62xx-lp-evm-rt/build/arago-tmp-default-glibc/work/x86_64-nativesdk-arago-linux/nativesdk-ti-cgt-pru/2.3.3/ti-cgt-pru-2.3.3/ti-cgt-pru_2.3.3/lib/src/array_pdel.c
Unpacking /mnt/smpusdk-yocto-build/build/yocto-build_am62xx-lp-evm-rt/build/arago-tmp-default-glibc/work/x86_64-nativesdk-arago-linux/nativesdk-ti-cgt-pru/2.3.3/ti-cgt-pru-2.3.3/ti-cgt-pru_2.3.3/lib/src/setbuf.c
Unpacking /mnt/smpusdk-yocto-build/build/yocto-build_am62xx-lp-evm-rt/build/arago-tmp-default-glibc/work/x86_64-nativesdk-arago-linux/nativesdk-ti-cgt-pru/2.3.3/ti-cgt-pru-2.3.3/ti-cgt-pru_2.3.3/lib/src/strtoull.c
Unpacking /mnt/smpusdk-yocto-build/build/yocto-build_am62xx-lp-evm-rt/build/arago-tmp-default-glibc/work/x86_64-nativesdk-arago-linux/nativesdk-ti-cgt-pru/2.3.3/ti-cgt-pru-2.3.3/ti-cgt-pru_2.3.3/lib/src/s_csqrt.c
Unpacking /mnt/smpusdk-yocto-build/build/yocto-build_am62xx-lp-evm-rt/build/arago-tmp-default-glibc/work/x86_64-nativesdk-arago-linux/nativesdk-ti-cgt-pru/2.3.3/ti-cgt-pru-2.3.3/ti-cgt-pru_2.3.3/lib/src/wcsncpy.c
Unpacking /mnt/smpusdk-yocto-build/build/yocto-build_am62xx-lp-evm-rt/build/arago-tmp-default-glibc/work/x86_64-nativesdk-arago-linux/nativesdk-ti-cgt-pru/2.3.3/ti-cgt-pru-2.3.3/ti-cgt-pru_2.3.3/lib/src/locale.h
Unpacking /mnt/smpusdk-yocto-build/build/yocto-build_am62xx-lp-evm-rt/build/arago-tmp-default-glibc/work/x86_64-nativesdk-arago-linux/nativesdk-ti-cgt-pru/2.3.3/ti-cgt-pru-2.3.3/ti-cgt-pru_2.3.3/lib/src/acosh.c
Unpacking /mnt/smpusdk-yocto-build/build/yocto-build_am62xx-lp-evm-rt/build/arago-tmp-default-glibc/work/x86_64-nativesdk-arago-linux/nativesdk-ti-cgt-pru/2.3.3/ti-cgt-pru-2.3.3/ti-cgt-pru_2.3.3/lib/src/memory.c
Unpacking /mnt/smpusdk-yocto-build/build/yocto-build_am62xx-lp-evm-rt/build/arago-tmp-default-glibc/work/x86_64-nativesdk-arago-linux/nativesdk-ti-cgt-pru/2.3.3/ti-cgt-pru-2.3.3/ti-cgt-pru_2.3.3/lib/src/s_ccosh.c
Unpacking /mnt/smpusdk-yocto-build/build/yocto-build_am62xx-lp-evm-rt/build/arago-tmp-default-glibc/work/x86_64-nativesdk-arago-linux/nativesdk-ti-cgt-pru/2.3.3/ti-cgt-pru-2.3.3/ti-cgt-pru_2.3.3/lib/src/frcaddd.c
Unpacking /mnt/smpusdk-yocto-build/build/yocto-build_am62xx-lp-evm-rt/build/arago-tmp-default-glibc/work/x86_64-nativesdk-arago-linux/nativesdk-ti-cgt-pru/2.3.3/ti-cgt-pru-2.3.3/ti-cgt-pru_2.3.3/lib/src/e_hypot.c
Unpacking /mnt/smpusdk-yocto-build/build/yocto-build_am62xx-lp-evm-rt/build/arago-tmp-default-glibc/work/x86_64-nativesdk-arago-linux/nativesdk-ti-cgt-pru/2.3.3/ti-cgt-pru-2.3.3/ti-cgt-pru_2.3.3/lib/src/log2f.c
Unpacking /mnt/smpusdk-yocto-build/build/yocto-build_am62xx-lp-evm-rt/build/arago-tmp-default-glibc/work/x86_64-nativesdk-arago-linux/nativesdk-ti-cgt-pru/2.3.3/ti-cgt-pru-2.3.3/ti-cgt-pru_2.3.3/lib/src/stdarg.h
Unpacking /mnt/smpusdk-yocto-build/build/yocto-build_am62xx-lp-evm-rt/build/arago-tmp-default-glibc/work/x86_64-nativesdk-arago-linux/nativesdk-ti-cgt-pru/2.3.3/ti-cgt-pru-2.3.3/ti-cgt-pru_2.3.3/lib/src/bcmp.c
Unpacking /mnt/smpusdk-yocto-build/build/yocto-build_am62xx-lp-evm-rt/build/arago-tmp-default-glibc/work/x86_64-nativesdk-arago-linux/nativesdk-ti-cgt-pru/2.3.3/ti-cgt-pru-2.3.3/ti-cgt-pru_2.3.3/lib/src/cotf.c
Unpacking /mnt/smpusdk-yocto-build/build/yocto-build_am62xx-lp-evm-rt/build/arago-tmp-default-glibc/work/x86_64-nativesdk-arago-linux/nativesdk-ti-cgt-pru/2.3.3/ti-cgt-pru-2.3.3/ti-cgt-pru_2.3.3/lib/src/time.h
Unpacking /mnt/smpusdk-yocto-build/build/yocto-build_am62xx-lp-evm-rt/build/arago-tmp-default-glibc/work/x86_64-nativesdk-arago-linux/nativesdk-ti-cgt-pru/2.3.3/ti-cgt-pru-2.3.3/ti-cgt-pru_2.3.3/lib/src/new.c
Unpacking /mnt/smpusdk-yocto-build/build/yocto-build_am62xx-lp-evm-rt/build/arago-tmp-default-glibc/work/x86_64-nativesdk-arago-linux/nativesdk-ti-cgt-pru/2.3.3/ti-cgt-pru-2.3.3/ti-cgt-pru_2.3.3/lib/src/leqf_i.h
Unpacking /mnt/smpusdk-yocto-build/build/yocto-build_am62xx-lp-evm-rt/build/arago-tmp-default-glibc/work/x86_64-nativesdk-arago-linux/nativesdk-ti-cgt-pru/2.3.3/ti-cgt-pru-2.3.3/ti-cgt-pru_2.3.3/lib/src/asinf.c
Unpacking /mnt/smpusdk-yocto-build/build/yocto-build_am62xx-lp-evm-rt/build/arago-tmp-default-glibc/work/x86_64-nativesdk-arago-linux/nativesdk-ti-cgt-pru/2.3.3/ti-cgt-pru-2.3.3/ti-cgt-pru_2.3.3/lib/src/fltud.c
Unpacking /mnt/smpusdk-yocto-build/build/yocto-build_am62xx-lp-evm-rt/build/arago-tmp-default-glibc/work/x86_64-nativesdk-arago-linux/nativesdk-ti-cgt-pru/2.3.3/ti-cgt-pru-2.3.3/ti-cgt-pru_2.3.3/lib/src/frcmpyf_div.c
Unpacking /mnt/smpusdk-yocto-build/build/yocto-build_am62xx-lp-evm-rt/build/arago-tmp-default-glibc/work/x86_64-nativesdk-arago-linux/nativesdk-ti-cgt-pru/2.3.3/ti-cgt-pru-2.3.3/ti-cgt-pru_2.3.3/lib/src/remi_c.c
Unpacking /mnt/smpusdk-yocto-build/build/yocto-build_am62xx-lp-evm-rt/build/arago-tmp-default-glibc/work/x86_64-nativesdk-arago-linux/nativesdk-ti-cgt-pru/2.3.3/ti-cgt-pru-2.3.3/ti-cgt-pru_2.3.3/lib/src/placenew.c
Unpacking /mnt/smpusdk-yocto-build/build/yocto-build_am62xx-lp-evm-rt/build/arago-tmp-default-glibc/work/x86_64-nativesdk-arago-linux/nativesdk-ti-cgt-pru/2.3.3/ti-cgt-pru-2.3.3/ti-cgt-pru_2.3.3/lib/src/tanhf_i.h
Unpacking /mnt/smpusdk-yocto-build/build/yocto-build_am62xx-lp-evm-rt/build/arago-tmp-default-glibc/work/x86_64-nativesdk-arago-linux/nativesdk-ti-cgt-pru/2.3.3/ti-cgt-pru-2.3.3/ti-cgt-pru_2.3.3/lib/src/renormf.h
Unpacking /mnt/smpusdk-yocto-build/build/yocto-build_am62xx-lp-evm-rt/build/arago-tmp-default-glibc/work/x86_64-nativesdk-arago-linux/nativesdk-ti-cgt-pru/2.3.3/ti-cgt-pru-2.3.3/ti-cgt-pru_2.3.3/lib/src/rsqrtf_i.h
Unpacking /mnt/smpusdk-yocto-build/build/yocto-build_am62xx-lp-evm-rt/build/arago-tmp-default-glibc/work/x86_64-nativesdk-arago-linux/nativesdk-ti-cgt-pru/2.3.3/ti-cgt-pru-2.3.3/ti-cgt-pru_2.3.3/lib/src/ltf.c
Unpacking /mnt/smpusdk-yocto-build/build/yocto-build_am62xx-lp-evm-rt/build/arago-tmp-default-glibc/work/x86_64-nativesdk-arago-linux/nativesdk-ti-cgt-pru/2.3.3/ti-cgt-pru-2.3.3/ti-cgt-pru_2.3.3/lib/src/cpp_inline_math.h
Unpacking /mnt/smpusdk-yocto-build/build/yocto-build_am62xx-lp-evm-rt/build/arago-tmp-default-glibc/work/x86_64-nativesdk-arago-linux/nativesdk-ti-cgt-pru/2.3.3/ti-cgt-pru-2.3.3/ti-cgt-pru_2.3.3/lib/src/s_cprojl.c
Unpacking /mnt/smpusdk-yocto-build/build/yocto-build_am62xx-lp-evm-rt/build/arago-tmp-default-glibc/work/x86_64-nativesdk-arago-linux/nativesdk-ti-cgt-pru/2.3.3/ti-cgt-pru-2.3.3/ti-cgt-pru_2.3.3/lib/src/ctime64.c
Unpacking /mnt/smpusdk-yocto-build/build/yocto-build_am62xx-lp-evm-rt/build/arago-tmp-default-glibc/work/x86_64-nativesdk-arago-linux/nativesdk-ti-cgt-pru/2.3.3/ti-cgt-pru-2.3.3/ti-cgt-pru_2.3.3/lib/src/new.stdh
Unpacking /mnt/smpusdk-yocto-build/build/yocto-build_am62xx-lp-evm-rt/build/arago-tmp-default-glibc/work/x86_64-nativesdk-arago-linux/nativesdk-ti-cgt-pru/2.3.3/ti-cgt-pru-2.3.3/ti-cgt-pru_2.3.3/lib/src/frcaddf.h
Unpacking /mnt/smpusdk-yocto-build/build/yocto-build_am62xx-lp-evm-rt/build/arago-tmp-default-glibc/work/x86_64-nativesdk-arago-linux/nativesdk-ti-cgt-pru/2.3.3/ti-cgt-pru-2.3.3/ti-cgt-pru_2.3.3/lib/src/s_csinhf.c
Unpacking /mnt/smpusdk-yocto-build/build/yocto-build_am62xx-lp-evm-rt/build/arago-tmp-default-glibc/work/x86_64-nativesdk-arago-linux/nativesdk-ti-cgt-pru/2.3.3/ti-cgt-pru-2.3.3/ti-cgt-pru_2.3.3/lib/src/atanf_i.h
Unpacking /mnt/smpusdk-yocto-build/build/yocto-build_am62xx-lp-evm-rt/build/arago-tmp-default-glibc/work/x86_64-nativesdk-arago-linux/nativesdk-ti-cgt-pru/2.3.3/ti-cgt-pru-2.3.3/ti-cgt-pru_2.3.3/lib/src/read.c
Unpacking /mnt/smpusdk-yocto-build/build/yocto-build_am62xx-lp-evm-rt/build/arago-tmp-default-glibc/work/x86_64-nativesdk-arago-linux/nativesdk-ti-cgt-pru/2.3.3/ti-cgt-pru-2.3.3/ti-cgt-pru_2.3.3/lib/src/isdigit.c
Unpacking /mnt/smpusdk-yocto-build/build/yocto-build_am62xx-lp-evm-rt/build/arago-tmp-default-glibc/work/x86_64-nativesdk-arago-linux/nativesdk-ti-cgt-pru/2.3.3/ti-cgt-pru-2.3.3/ti-cgt-pru_2.3.3/lib/src/abi_prefix.h
Unpacking /mnt/smpusdk-yocto-build/build/yocto-build_am62xx-lp-evm-rt/build/arago-tmp-default-glibc/work/x86_64-nativesdk-arago-linux/nativesdk-ti-cgt-pru/2.3.3/ti-cgt-pru-2.3.3/ti-cgt-pru_2.3.3/lib/src/_scanfi_nf.c
Unpacking /mnt/smpusdk-yocto-build/build/yocto-build_am62xx-lp-evm-rt/build/arago-tmp-default-glibc/work/x86_64-nativesdk-arago-linux/nativesdk-ti-cgt-pru/2.3.3/ti-cgt-pru-2.3.3/ti-cgt-pru_2.3.3/lib/src/_mutex.c
Unpacking /mnt/smpusdk-yocto-build/build/yocto-build_am62xx-lp-evm-rt/build/arago-tmp-default-glibc/work/x86_64-nativesdk-arago-linux/nativesdk-ti-cgt-pru/2.3.3/ti-cgt-pru-2.3.3/ti-cgt-pru_2.3.3/lib/src/syntd.h
Unpacking /mnt/smpusdk-yocto-build/build/yocto-build_am62xx-lp-evm-rt/build/arago-tmp-default-glibc/work/x86_64-nativesdk-arago-linux/nativesdk-ti-cgt-pru/2.3.3/ti-cgt-pru-2.3.3/ti-cgt-pru_2.3.3/lib/src/limits.h
Unpacking /mnt/smpusdk-yocto-build/build/yocto-build_am62xx-lp-evm-rt/build/arago-tmp-default-glibc/work/x86_64-nativesdk-arago-linux/nativesdk-ti-cgt-pru/2.3.3/ti-cgt-pru-2.3.3/ti-cgt-pru_2.3.3/lib/src/rand.c
Unpacking /mnt/smpusdk-yocto-build/build/yocto-build_am62xx-lp-evm-rt/build/arago-tmp-default-glibc/work/x86_64-nativesdk-arago-linux/nativesdk-ti-cgt-pru/2.3.3/ti-cgt-pru-2.3.3/ti-cgt-pru_2.3.3/lib/src/tan.c
Unpacking /mnt/smpusdk-yocto-build/build/yocto-build_am62xx-lp-evm-rt/build/arago-tmp-default-glibc/work/x86_64-nativesdk-arago-linux/nativesdk-ti-cgt-pru/2.3.3/ti-cgt-pru-2.3.3/ti-cgt-pru_2.3.3/lib/src/Makefile
Unpacking /mnt/smpusdk-yocto-build/build/yocto-build_am62xx-lp-evm-rt/build/arago-tmp-default-glibc/work/x86_64-nativesdk-arago-linux/nativesdk-ti-cgt-pru/2.3.3/ti-cgt-pru-2.3.3/ti-cgt-pru_2.3.3/lib/src/exception.c
Unpacking /mnt/smpusdk-yocto-build/build/yocto-build_am62xx-lp-evm-rt/build/arago-tmp-default-glibc/work/x86_64-nativesdk-arago-linux/nativesdk-ti-cgt-pru/2.3.3/ti-cgt-pru-2.3.3/ti-cgt-pru_2.3.3/lib/src/frcmpyf_div_i.h
Unpacking /mnt/smpusdk-yocto-build/build/yocto-build_am62xx-lp-evm-rt/build/arago-tmp-default-glibc/work/x86_64-nativesdk-arago-linux/nativesdk-ti-cgt-pru/2.3.3/ti-cgt-pru-2.3.3/ti-cgt-pru_2.3.3/lib/src/geqf_i.h
Unpacking /mnt/smpusdk-yocto-build/build/yocto-build_am62xx-lp-evm-rt/build/arago-tmp-default-glibc/work/x86_64-nativesdk-arago-linux/nativesdk-ti-cgt-pru/2.3.3/ti-cgt-pru-2.3.3/ti-cgt-pru_2.3.3/lib/src/cosf.c
Unpacking /mnt/smpusdk-yocto-build/build/yocto-build_am62xx-lp-evm-rt/build/arago-tmp-default-glibc/work/x86_64-nativesdk-arago-linux/nativesdk-ti-cgt-pru/2.3.3/ti-cgt-pru-2.3.3/ti-cgt-pru_2.3.3/lib/src/_pthread.h
Unpacking /mnt/smpusdk-yocto-build/build/yocto-build_am62xx-lp-evm-rt/build/arago-tmp-default-glibc/work/x86_64-nativesdk-arago-linux/nativesdk-ti-cgt-pru/2.3.3/ti-cgt-pru-2.3.3/ti-cgt-pru_2.3.3/lib/src/exp2f.c
Unpacking /mnt/smpusdk-yocto-build/build/yocto-build_am62xx-lp-evm-rt/build/arago-tmp-default-glibc/work/x86_64-nativesdk-arago-linux/nativesdk-ti-cgt-pru/2.3.3/ti-cgt-pru-2.3.3/ti-cgt-pru_2.3.3/lib/src/s_log1pf.c
Unpacking /mnt/smpusdk-yocto-build/build/yocto-build_am62xx-lp-evm-rt/build/arago-tmp-default-glibc/work/x86_64-nativesdk-arago-linux/nativesdk-ti-cgt-pru/2.3.3/ti-cgt-pru-2.3.3/ti-cgt-pru_2.3.3/lib/src/ltoa.c
Unpacking /mnt/smpusdk-yocto-build/build/yocto-build_am62xx-lp-evm-rt/build/arago-tmp-default-glibc/work/x86_64-nativesdk-arago-linux/nativesdk-ti-cgt-pru/2.3.3/ti-cgt-pru-2.3.3/ti-cgt-pru_2.3.3/lib/src/printf.c
Unpacking /mnt/smpusdk-yocto-build/build/yocto-build_am62xx-lp-evm-rt/build/arago-tmp-default-glibc/work/x86_64-nativesdk-arago-linux/nativesdk-ti-cgt-pru/2.3.3/ti-cgt-pru-2.3.3/ti-cgt-pru_2.3.3/lib/src/signal.c
Unpacking /mnt/smpusdk-yocto-build/build/yocto-build_am62xx-lp-evm-rt/build/arago-tmp-default-glibc/work/x86_64-nativesdk-arago-linux/nativesdk-ti-cgt-pru/2.3.3/ti-cgt-pru-2.3.3/ti-cgt-pru_2.3.3/lib/src/ffs.c
Unpacking /mnt/smpusdk-yocto-build/build/yocto-build_am62xx-lp-evm-rt/build/arago-tmp-default-glibc/work/x86_64-nativesdk-arago-linux/nativesdk-ti-cgt-pru/2.3.3/ti-cgt-pru-2.3.3/ti-cgt-pru_2.3.3/lib/src/frcaddd.h
Unpacking /mnt/smpusdk-yocto-build/build/yocto-build_am62xx-lp-evm-rt/build/arago-tmp-default-glibc/work/x86_64-nativesdk-arago-linux/nativesdk-ti-cgt-pru/2.3.3/ti-cgt-pru-2.3.3/ti-cgt-pru_2.3.3/lib/src/trgdrv.h
Unpacking /mnt/smpusdk-yocto-build/build/yocto-build_am62xx-lp-evm-rt/build/arago-tmp-default-glibc/work/x86_64-nativesdk-arago-linux/nativesdk-ti-cgt-pru/2.3.3/ti-cgt-pru-2.3.3/ti-cgt-pru_2.3.3/lib/src/fltlid.c
Unpacking /mnt/smpusdk-yocto-build/build/yocto-build_am62xx-lp-evm-rt/build/arago-tmp-default-glibc/work/x86_64-nativesdk-arago-linux/nativesdk-ti-cgt-pru/2.3.3/ti-cgt-pru-2.3.3/ti-cgt-pru_2.3.3/lib/src/close.c
Unpacking /mnt/smpusdk-yocto-build/build/yocto-build_am62xx-lp-evm-rt/build/arago-tmp-default-glibc/work/x86_64-nativesdk-arago-linux/nativesdk-ti-cgt-pru/2.3.3/ti-cgt-pru-2.3.3/ti-cgt-pru_2.3.3/lib/src/hostrename.c
Unpacking /mnt/smpusdk-yocto-build/build/yocto-build_am62xx-lp-evm-rt/build/arago-tmp-default-glibc/work/x86_64-nativesdk-arago-linux/nativesdk-ti-cgt-pru/2.3.3/ti-cgt-pru-2.3.3/ti-cgt-pru_2.3.3/lib/src/w_cabsl.c
Unpacking /mnt/smpusdk-yocto-build/build/yocto-build_am62xx-lp-evm-rt/build/arago-tmp-default-glibc/work/x86_64-nativesdk-arago-linux/nativesdk-ti-cgt-pru/2.3.3/ti-cgt-pru-2.3.3/ti-cgt-pru_2.3.3/lib/src/isinff_i.h
Unpacking /mnt/smpusdk-yocto-build/build/yocto-build_am62xx-lp-evm-rt/build/arago-tmp-default-glibc/work/x86_64-nativesdk-arago-linux/nativesdk-ti-cgt-pru/2.3.3/ti-cgt-pru-2.3.3/ti-cgt-pru_2.3.3/lib/src/s_conjl.c
Unpacking /mnt/smpusdk-yocto-build/build/yocto-build_am62xx-lp-evm-rt/build/arago-tmp-default-glibc/work/x86_64-nativesdk-arago-linux/nativesdk-ti-cgt-pru/2.3.3/ti-cgt-pru-2.3.3/ti-cgt-pru_2.3.3/lib/src/time.c
Unpacking /mnt/smpusdk-yocto-build/build/yocto-build_am62xx-lp-evm-rt/build/arago-tmp-default-glibc/work/x86_64-nativesdk-arago-linux/nativesdk-ti-cgt-pru/2.3.3/ti-cgt-pru-2.3.3/ti-cgt-pru_2.3.3/lib/src/target.h
Unpacking /mnt/smpusdk-yocto-build/build/yocto-build_am62xx-lp-evm-rt/build/arago-tmp-default-glibc/work/x86_64-nativesdk-arago-linux/nativesdk-ti-cgt-pru/2.3.3/ti-cgt-pru-2.3.3/ti-cgt-pru_2.3.3/lib/src/newhandler.c
Unpacking /mnt/smpusdk-yocto-build/build/yocto-build_am62xx-lp-evm-rt/build/arago-tmp-default-glibc/work/x86_64-nativesdk-arago-linux/nativesdk-ti-cgt-pru/2.3.3/ti-cgt-pru-2.3.3/ti-cgt-pru_2.3.3/lib/src/ldexpf.c
Unpacking /mnt/smpusdk-yocto-build/build/yocto-build_am62xx-lp-evm-rt/build/arago-tmp-default-glibc/work/x86_64-nativesdk-arago-linux/nativesdk-ti-cgt-pru/2.3.3/ti-cgt-pru-2.3.3/ti-cgt-pru_2.3.3/lib/src/fread.c
Unpacking /mnt/smpusdk-yocto-build/build/yocto-build_am62xx-lp-evm-rt/build/arago-tmp-default-glibc/work/x86_64-nativesdk-arago-linux/nativesdk-ti-cgt-pru/2.3.3/ti-cgt-pru-2.3.3/ti-cgt-pru_2.3.3/lib/src/ctime_.c
Unpacking /mnt/smpusdk-yocto-build/build/yocto-build_am62xx-lp-evm-rt/build/arago-tmp-default-glibc/work/x86_64-nativesdk-arago-linux/nativesdk-ti-cgt-pru/2.3.3/ti-cgt-pru-2.3.3/ti-cgt-pru_2.3.3/lib/src/mktime64.c
Unpacking /mnt/smpusdk-yocto-build/build/yocto-build_am62xx-lp-evm-rt/build/arago-tmp-default-glibc/work/x86_64-nativesdk-arago-linux/nativesdk-ti-cgt-pru/2.3.3/ti-cgt-pru-2.3.3/ti-cgt-pru_2.3.3/lib/src/s_conj.c
Unpacking /mnt/smpusdk-yocto-build/build/yocto-build_am62xx-lp-evm-rt/build/arago-tmp-default-glibc/work/x86_64-nativesdk-arago-linux/nativesdk-ti-cgt-pru/2.3.3/ti-cgt-pru-2.3.3/ti-cgt-pru_2.3.3/lib/src/_printfi.c
Unpacking /mnt/smpusdk-yocto-build/build/yocto-build_am62xx-lp-evm-rt/build/arago-tmp-default-glibc/work/x86_64-nativesdk-arago-linux/nativesdk-ti-cgt-pru/2.3.3/ti-cgt-pru-2.3.3/ti-cgt-pru_2.3.3/lib/src/frcmpyf1_i.h
Unpacking /mnt/smpusdk-yocto-build/build/yocto-build_am62xx-lp-evm-rt/build/arago-tmp-default-glibc/work/x86_64-nativesdk-arago-linux/nativesdk-ti-cgt-pru/2.3.3/ti-cgt-pru-2.3.3/ti-cgt-pru_2.3.3/lib/src/acotf_i.h
Unpacking /mnt/smpusdk-yocto-build/build/yocto-build_am62xx-lp-evm-rt/build/arago-tmp-default-glibc/work/x86_64-nativesdk-arago-linux/nativesdk-ti-cgt-pru/2.3.3/ti-cgt-pru-2.3.3/ti-cgt-pru_2.3.3/lib/src/iso646.h
Unpacking /mnt/smpusdk-yocto-build/build/yocto-build_am62xx-lp-evm-rt/build/arago-tmp-default-glibc/work/x86_64-nativesdk-arago-linux/nativesdk-ti-cgt-pru/2.3.3/ti-cgt-pru-2.3.3/ti-cgt-pru_2.3.3/lib/src/remu_c.c
Unpacking /mnt/smpusdk-yocto-build/build/yocto-build_am62xx-lp-evm-rt/build/arago-tmp-default-glibc/work/x86_64-nativesdk-arago-linux/nativesdk-ti-cgt-pru/2.3.3/ti-cgt-pru-2.3.3/ti-cgt-pru_2.3.3/lib/src/_tls.h
Unpacking /mnt/smpusdk-yocto-build/build/yocto-build_am62xx-lp-evm-rt/build/arago-tmp-default-glibc/work/x86_64-nativesdk-arago-linux/nativesdk-ti-cgt-pru/2.3.3/ti-cgt-pru-2.3.3/ti-cgt-pru_2.3.3/lib/src/formi32.h
Unpacking /mnt/smpusdk-yocto-build/build/yocto-build_am62xx-lp-evm-rt/build/arago-tmp-default-glibc/work/x86_64-nativesdk-arago-linux/nativesdk-ti-cgt-pru/2.3.3/ti-cgt-pru-2.3.3/ti-cgt-pru_2.3.3/lib/src/asrll.c
Unpacking /mnt/smpusdk-yocto-build/build/yocto-build_am62xx-lp-evm-rt/build/arago-tmp-default-glibc/work/x86_64-nativesdk-arago-linux/nativesdk-ti-cgt-pru/2.3.3/ti-cgt-pru-2.3.3/ti-cgt-pru_2.3.3/lib/src/format.h
Unpacking /mnt/smpusdk-yocto-build/build/yocto-build_am62xx-lp-evm-rt/build/arago-tmp-default-glibc/work/x86_64-nativesdk-arago-linux/nativesdk-ti-cgt-pru/2.3.3/ti-cgt-pru-2.3.3/ti-cgt-pru_2.3.3/lib/src/copy_zero_init.c
Unpacking /mnt/smpusdk-yocto-build/build/yocto-build_am62xx-lp-evm-rt/build/arago-tmp-default-glibc/work/x86_64-nativesdk-arago-linux/nativesdk-ti-cgt-pru/2.3.3/ti-cgt-pru-2.3.3/ti-cgt-pru_2.3.3/lib/src/frcdivf.c
Unpacking /mnt/smpusdk-yocto-build/build/yocto-build_am62xx-lp-evm-rt/build/arago-tmp-default-glibc/work/x86_64-nativesdk-arago-linux/nativesdk-ti-cgt-pru/2.3.3/ti-cgt-pru-2.3.3/ti-cgt-pru_2.3.3/lib/src/_defs.h
Unpacking /mnt/smpusdk-yocto-build/build/yocto-build_am62xx-lp-evm-rt/build/arago-tmp-default-glibc/work/x86_64-nativesdk-arago-linux/nativesdk-ti-cgt-pru/2.3.3/ti-cgt-pru-2.3.3/ti-cgt-pru_2.3.3/lib/src/fmod.c
Unpacking /mnt/smpusdk-yocto-build/build/yocto-build_am62xx-lp-evm-rt/build/arago-tmp-default-glibc/work/x86_64-nativesdk-arago-linux/nativesdk-ti-cgt-pru/2.3.3/ti-cgt-pru-2.3.3/ti-cgt-pru_2.3.3/lib/src/s_creall.c
Unpacking /mnt/smpusdk-yocto-build/build/yocto-build_am62xx-lp-evm-rt/build/arago-tmp-default-glibc/work/x86_64-nativesdk-arago-linux/nativesdk-ti-cgt-pru/2.3.3/ti-cgt-pru-2.3.3/ti-cgt-pru_2.3.3/lib/src/log10f.c
Unpacking /mnt/smpusdk-yocto-build/build/yocto-build_am62xx-lp-evm-rt/build/arago-tmp-default-glibc/work/x86_64-nativesdk-arago-linux/nativesdk-ti-cgt-pru/2.3.3/ti-cgt-pru-2.3.3/ti-cgt-pru_2.3.3/lib/src/isinf.c
Unpacking /mnt/smpusdk-yocto-build/build/yocto-build_am62xx-lp-evm-rt/build/arago-tmp-default-glibc/work/x86_64-nativesdk-arago-linux/nativesdk-ti-cgt-pru/2.3.3/ti-cgt-pru-2.3.3/ti-cgt-pru_2.3.3/lib/src/fixdul.c
Unpacking /mnt/smpusdk-yocto-build/build/yocto-build_am62xx-lp-evm-rt/build/arago-tmp-default-glibc/work/x86_64-nativesdk-arago-linux/nativesdk-ti-cgt-pru/2.3.3/ti-cgt-pru-2.3.3/ti-cgt-pru_2.3.3/lib/src/fpclassify.c
Unpacking /mnt/smpusdk-yocto-build/build/yocto-build_am62xx-lp-evm-rt/build/arago-tmp-default-glibc/work/x86_64-nativesdk-arago-linux/nativesdk-ti-cgt-pru/2.3.3/ti-cgt-pru-2.3.3/ti-cgt-pru_2.3.3/lib/src/fixdu.c
Unpacking /mnt/smpusdk-yocto-build/build/yocto-build_am62xx-lp-evm-rt/build/arago-tmp-default-glibc/work/x86_64-nativesdk-arago-linux/nativesdk-ti-cgt-pru/2.3.3/ti-cgt-pru-2.3.3/ti-cgt-pru_2.3.3/lib/src/isxdigit.c
Unpacking /mnt/smpusdk-yocto-build/build/yocto-build_am62xx-lp-evm-rt/build/arago-tmp-default-glibc/work/x86_64-nativesdk-arago-linux/nativesdk-ti-cgt-pru/2.3.3/ti-cgt-pru-2.3.3/ti-cgt-pru_2.3.3/lib/src/mpyi.c
Unpacking /mnt/smpusdk-yocto-build/build/yocto-build_am62xx-lp-evm-rt/build/arago-tmp-default-glibc/work/x86_64-nativesdk-arago-linux/nativesdk-ti-cgt-pru/2.3.3/ti-cgt-pru-2.3.3/ti-cgt-pru_2.3.3/lib/src/fprintf.c
Unpacking /mnt/smpusdk-yocto-build/build/yocto-build_am62xx-lp-evm-rt/build/arago-tmp-default-glibc/work/x86_64-nativesdk-arago-linux/nativesdk-ti-cgt-pru/2.3.3/ti-cgt-pru-2.3.3/ti-cgt-pru_2.3.3/lib/src/frcmpyd_div.c
Unpacking /mnt/smpusdk-yocto-build/build/yocto-build_am62xx-lp-evm-rt/build/arago-tmp-default-glibc/work/x86_64-nativesdk-arago-linux/nativesdk-ti-cgt-pru/2.3.3/ti-cgt-pru-2.3.3/ti-cgt-pru_2.3.3/lib/src/vec_newdel.c
Unpacking /mnt/smpusdk-yocto-build/build/yocto-build_am62xx-lp-evm-rt/build/arago-tmp-default-glibc/work/x86_64-nativesdk-arago-linux/nativesdk-ti-cgt-pru/2.3.3/ti-cgt-pru-2.3.3/ti-cgt-pru_2.3.3/lib/src/fpclassifyf_i.h
Unpacking /mnt/smpusdk-yocto-build/build/yocto-build_am62xx-lp-evm-rt/build/arago-tmp-default-glibc/work/x86_64-nativesdk-arago-linux/nativesdk-ti-cgt-pru/2.3.3/ti-cgt-pru-2.3.3/ti-cgt-pru_2.3.3/lib/src/isnormalf.c
Unpacking /mnt/smpusdk-yocto-build/build/yocto-build_am62xx-lp-evm-rt/build/arago-tmp-default-glibc/work/x86_64-nativesdk-arago-linux/nativesdk-ti-cgt-pru/2.3.3/ti-cgt-pru-2.3.3/ti-cgt-pru_2.3.3/lib/src/strcoll.c
Unpacking /mnt/smpusdk-yocto-build/build/yocto-build_am62xx-lp-evm-rt/build/arago-tmp-default-glibc/work/x86_64-nativesdk-arago-linux/nativesdk-ti-cgt-pru/2.3.3/ti-cgt-pru-2.3.3/ti-cgt-pru_2.3.3/lib/src/fixfy_i.h
Unpacking /mnt/smpusdk-yocto-build/build/yocto-build_am62xx-lp-evm-rt/build/arago-tmp-default-glibc/work/x86_64-nativesdk-arago-linux/nativesdk-ti-cgt-pru/2.3.3/ti-cgt-pru-2.3.3/ti-cgt-pru_2.3.3/lib/src/copy_decompress_lzss.c
Unpacking /mnt/smpusdk-yocto-build/build/yocto-build_am62xx-lp-evm-rt/build/arago-tmp-default-glibc/work/x86_64-nativesdk-arago-linux/nativesdk-ti-cgt-pru/2.3.3/ti-cgt-pru-2.3.3/ti-cgt-pru_2.3.3/lib/src/strtoul.c
Unpacking /mnt/smpusdk-yocto-build/build/yocto-build_am62xx-lp-evm-rt/build/arago-tmp-default-glibc/work/x86_64-nativesdk-arago-linux/nativesdk-ti-cgt-pru/2.3.3/ti-cgt-pru-2.3.3/ti-cgt-pru_2.3.3/lib/src/absd.c
Unpacking /mnt/smpusdk-yocto-build/build/yocto-build_am62xx-lp-evm-rt/build/arago-tmp-default-glibc/work/x86_64-nativesdk-arago-linux/nativesdk-ti-cgt-pru/2.3.3/ti-cgt-pru-2.3.3/ti-cgt-pru_2.3.3/lib/src/k_expf.c
Unpacking /mnt/smpusdk-yocto-build/build/yocto-build_am62xx-lp-evm-rt/build/arago-tmp-default-glibc/work/x86_64-nativesdk-arago-linux/nativesdk-ti-cgt-pru/2.3.3/ti-cgt-pru-2.3.3/ti-cgt-pru_2.3.3/lib/src/_reg_mutex_api.h
Unpacking /mnt/smpusdk-yocto-build/build/yocto-build_am62xx-lp-evm-rt/build/arago-tmp-default-glibc/work/x86_64-nativesdk-arago-linux/nativesdk-ti-cgt-pru/2.3.3/ti-cgt-pru-2.3.3/ti-cgt-pru_2.3.3/lib/src/asinf_i.h
Unpacking /mnt/smpusdk-yocto-build/build/yocto-build_am62xx-lp-evm-rt/build/arago-tmp-default-glibc/work/x86_64-nativesdk-arago-linux/nativesdk-ti-cgt-pru/2.3.3/ti-cgt-pru-2.3.3/ti-cgt-pru_2.3.3/lib/src/frcmpyd.h
Unpacking /mnt/smpusdk-yocto-build/build/yocto-build_am62xx-lp-evm-rt/build/arago-tmp-default-glibc/work/x86_64-nativesdk-arago-linux/nativesdk-ti-cgt-pru/2.3.3/ti-cgt-pru-2.3.3/ti-cgt-pru_2.3.3/lib/src/delnothrow.c
Unpacking /mnt/smpusdk-yocto-build/build/yocto-build_am62xx-lp-evm-rt/build/arago-tmp-default-glibc/work/x86_64-nativesdk-arago-linux/nativesdk-ti-cgt-pru/2.3.3/ti-cgt-pru-2.3.3/ti-cgt-pru_2.3.3/lib/src/fltid.c
Unpacking /mnt/smpusdk-yocto-build/build/yocto-build_am62xx-lp-evm-rt/build/arago-tmp-default-glibc/work/x86_64-nativesdk-arago-linux/nativesdk-ti-cgt-pru/2.3.3/ti-cgt-pru-2.3.3/ti-cgt-pru_2.3.3/lib/src/fltulf.c
Unpacking /mnt/smpusdk-yocto-build/build/yocto-build_am62xx-lp-evm-rt/build/arago-tmp-default-glibc/work/x86_64-nativesdk-arago-linux/nativesdk-ti-cgt-pru/2.3.3/ti-cgt-pru-2.3.3/ti-cgt-pru_2.3.3/lib/src/frcaddf_i.h
Unpacking /mnt/smpusdk-yocto-build/build/yocto-build_am62xx-lp-evm-rt/build/arago-tmp-default-glibc/work/x86_64-nativesdk-arago-linux/nativesdk-ti-cgt-pru/2.3.3/ti-cgt-pru-2.3.3/ti-cgt-pru_2.3.3/lib/src/catrig.c
Unpacking /mnt/smpusdk-yocto-build/build/yocto-build_am62xx-lp-evm-rt/build/arago-tmp-default-glibc/work/x86_64-nativesdk-arago-linux/nativesdk-ti-cgt-pru/2.3.3/ti-cgt-pru-2.3.3/ti-cgt-pru_2.3.3/lib/src/fgetc.c
Unpacking /mnt/smpusdk-yocto-build/build/yocto-build_am62xx-lp-evm-rt/build/arago-tmp-default-glibc/work/x86_64-nativesdk-arago-linux/nativesdk-ti-cgt-pru/2.3.3/ti-cgt-pru-2.3.3/ti-cgt-pru_2.3.3/lib/src/roundf_i.h
Unpacking /mnt/smpusdk-yocto-build/build/yocto-build_am62xx-lp-evm-rt/build/arago-tmp-default-glibc/work/x86_64-nativesdk-arago-linux/nativesdk-ti-cgt-pru/2.3.3/ti-cgt-pru-2.3.3/ti-cgt-pru_2.3.3/lib/src/negf.c
Unpacking /mnt/smpusdk-yocto-build/build/yocto-build_am62xx-lp-evm-rt/build/arago-tmp-default-glibc/work/x86_64-nativesdk-arago-linux/nativesdk-ti-cgt-pru/2.3.3/ti-cgt-pru-2.3.3/ti-cgt-pru_2.3.3/lib/src/vfprintf.c
Unpacking /mnt/smpusdk-yocto-build/build/yocto-build_am62xx-lp-evm-rt/build/arago-tmp-default-glibc/work/x86_64-nativesdk-arago-linux/nativesdk-ti-cgt-pru/2.3.3/ti-cgt-pru-2.3.3/ti-cgt-pru_2.3.3/lib/src/hostread.c
Unpacking /mnt/smpusdk-yocto-build/build/yocto-build_am62xx-lp-evm-rt/build/arago-tmp-default-glibc/work/x86_64-nativesdk-arago-linux/nativesdk-ti-cgt-pru/2.3.3/ti-cgt-pru-2.3.3/ti-cgt-pru_2.3.3/lib/src/_stdint40.h
Unpacking /mnt/smpusdk-yocto-build/build/yocto-build_am62xx-lp-evm-rt/build/arago-tmp-default-glibc/work/x86_64-nativesdk-arago-linux/nativesdk-ti-cgt-pru/2.3.3/ti-cgt-pru-2.3.3/ti-cgt-pru_2.3.3/lib/src/ascii.c
Unpacking /mnt/smpusdk-yocto-build/build/yocto-build_am62xx-lp-evm-rt/build/arago-tmp-default-glibc/work/x86_64-nativesdk-arago-linux/nativesdk-ti-cgt-pru/2.3.3/ti-cgt-pru-2.3.3/ti-cgt-pru_2.3.3/lib/src/math.h
Unpacking /mnt/smpusdk-yocto-build/build/yocto-build_am62xx-lp-evm-rt/build/arago-tmp-default-glibc/work/x86_64-nativesdk-arago-linux/nativesdk-ti-cgt-pru/2.3.3/ti-cgt-pru-2.3.3/ti-cgt-pru_2.3.3/lib/src/atan2f.c
Unpacking /mnt/smpusdk-yocto-build/build/yocto-build_am62xx-lp-evm-rt/build/arago-tmp-default-glibc/work/x86_64-nativesdk-arago-linux/nativesdk-ti-cgt-pru/2.3.3/ti-cgt-pru-2.3.3/ti-cgt-pru_2.3.3/lib/src/strcpy.c
Unpacking /mnt/smpusdk-yocto-build/build/yocto-build_am62xx-lp-evm-rt/build/arago-tmp-default-glibc/work/x86_64-nativesdk-arago-linux/nativesdk-ti-cgt-pru/2.3.3/ti-cgt-pru-2.3.3/ti-cgt-pru_2.3.3/lib/src/mpyf.c
Unpacking /mnt/smpusdk-yocto-build/build/yocto-build_am62xx-lp-evm-rt/build/arago-tmp-default-glibc/work/x86_64-nativesdk-arago-linux/nativesdk-ti-cgt-pru/2.3.3/ti-cgt-pru-2.3.3/ti-cgt-pru_2.3.3/lib/src/fputc.c
Unpacking /mnt/smpusdk-yocto-build/build/yocto-build_am62xx-lp-evm-rt/build/arago-tmp-default-glibc/work/x86_64-nativesdk-arago-linux/nativesdk-ti-cgt-pru/2.3.3/ti-cgt-pru-2.3.3/ti-cgt-pru_2.3.3/lib/src/s_clogl.c
Unpacking /mnt/smpusdk-yocto-build/build/yocto-build_am62xx-lp-evm-rt/build/arago-tmp-default-glibc/work/x86_64-nativesdk-arago-linux/nativesdk-ti-cgt-pru/2.3.3/ti-cgt-pru-2.3.3/ti-cgt-pru_2.3.3/lib/src/isnanf.c
Unpacking /mnt/smpusdk-yocto-build/build/yocto-build_am62xx-lp-evm-rt/build/arago-tmp-default-glibc/work/x86_64-nativesdk-arago-linux/nativesdk-ti-cgt-pru/2.3.3/ti-cgt-pru-2.3.3/ti-cgt-pru_2.3.3/lib/src/atoll.c
Unpacking /mnt/smpusdk-yocto-build/build/yocto-build_am62xx-lp-evm-rt/build/arago-tmp-default-glibc/work/x86_64-nativesdk-arago-linux/nativesdk-ti-cgt-pru/2.3.3/ti-cgt-pru-2.3.3/ti-cgt-pru_2.3.3/lib/src/isalnum.c
Unpacking /mnt/smpusdk-yocto-build/build/yocto-build_am62xx-lp-evm-rt/build/arago-tmp-default-glibc/work/x86_64-nativesdk-arago-linux/nativesdk-ti-cgt-pru/2.3.3/ti-cgt-pru-2.3.3/ti-cgt-pru_2.3.3/lib/src/mpyll.c
Unpacking /mnt/smpusdk-yocto-build/build/yocto-build_am62xx-lp-evm-rt/build/arago-tmp-default-glibc/work/x86_64-nativesdk-arago-linux/nativesdk-ti-cgt-pru/2.3.3/ti-cgt-pru-2.3.3/ti-cgt-pru_2.3.3/lib/src/s_copysignf.c
Unpacking /mnt/smpusdk-yocto-build/build/yocto-build_am62xx-lp-evm-rt/build/arago-tmp-default-glibc/work/x86_64-nativesdk-arago-linux/nativesdk-ti-cgt-pru/2.3.3/ti-cgt-pru-2.3.3/ti-cgt-pru_2.3.3/lib/src/frexpf_i.h
Unpacking /mnt/smpusdk-yocto-build/build/yocto-build_am62xx-lp-evm-rt/build/arago-tmp-default-glibc/work/x86_64-nativesdk-arago-linux/nativesdk-ti-cgt-pru/2.3.3/ti-cgt-pru-2.3.3/ti-cgt-pru_2.3.3/lib/src/divlli.c
Unpacking /mnt/smpusdk-yocto-build/build/yocto-build_am62xx-lp-evm-rt/build/arago-tmp-default-glibc/work/x86_64-nativesdk-arago-linux/nativesdk-ti-cgt-pru/2.3.3/ti-cgt-pru-2.3.3/ti-cgt-pru_2.3.3/lib/src/catrigf.c
Unpacking /mnt/smpusdk-yocto-build/build/yocto-build_am62xx-lp-evm-rt/build/arago-tmp-default-glibc/work/x86_64-nativesdk-arago-linux/nativesdk-ti-cgt-pru/2.3.3/ti-cgt-pru-2.3.3/ti-cgt-pru_2.3.3/lib/src/s_cargf.c
Unpacking /mnt/smpusdk-yocto-build/build/yocto-build_am62xx-lp-evm-rt/build/arago-tmp-default-glibc/work/x86_64-nativesdk-arago-linux/nativesdk-ti-cgt-pru/2.3.3/ti-cgt-pru-2.3.3/ti-cgt-pru_2.3.3/lib/src/imaxdiv.c
Unpacking /mnt/smpusdk-yocto-build/build/yocto-build_am62xx-lp-evm-rt/build/arago-tmp-default-glibc/work/x86_64-nativesdk-arago-linux/nativesdk-ti-cgt-pru/2.3.3/ti-cgt-pru-2.3.3/ti-cgt-pru_2.3.3/lib/src/isgraph.c
Unpacking /mnt/smpusdk-yocto-build/build/yocto-build_am62xx-lp-evm-rt/build/arago-tmp-default-glibc/work/x86_64-nativesdk-arago-linux/nativesdk-ti-cgt-pru/2.3.3/ti-cgt-pru-2.3.3/ti-cgt-pru_2.3.3/lib/src/powif.c
Unpacking /mnt/smpusdk-yocto-build/build/yocto-build_am62xx-lp-evm-rt/build/arago-tmp-default-glibc/work/x86_64-nativesdk-arago-linux/nativesdk-ti-cgt-pru/2.3.3/ti-cgt-pru-2.3.3/ti-cgt-pru_2.3.3/lib/src/strcmp.c
Unpacking /mnt/smpusdk-yocto-build/build/yocto-build_am62xx-lp-evm-rt/build/arago-tmp-default-glibc/work/x86_64-nativesdk-arago-linux/nativesdk-ti-cgt-pru/2.3.3/ti-cgt-pru-2.3.3/ti-cgt-pru_2.3.3/lib/src/tmpnam.c
Unpacking /mnt/smpusdk-yocto-build/build/yocto-build_am62xx-lp-evm-rt/build/arago-tmp-default-glibc/work/x86_64-nativesdk-arago-linux/nativesdk-ti-cgt-pru/2.3.3/ti-cgt-pru-2.3.3/ti-cgt-pru_2.3.3/lib/src/fgetpos.c
Unpacking /mnt/smpusdk-yocto-build/build/yocto-build_am62xx-lp-evm-rt/build/arago-tmp-default-glibc/work/x86_64-nativesdk-arago-linux/nativesdk-ti-cgt-pru/2.3.3/ti-cgt-pru-2.3.3/ti-cgt-pru_2.3.3/lib/src/isprint.c
Unpacking /mnt/smpusdk-yocto-build/build/yocto-build_am62xx-lp-evm-rt/build/arago-tmp-default-glibc/work/x86_64-nativesdk-arago-linux/nativesdk-ti-cgt-pru/2.3.3/ti-cgt-pru-2.3.3/ti-cgt-pru_2.3.3/lib/src/stlport/queue
Unpacking /mnt/smpusdk-yocto-build/build/yocto-build_am62xx-lp-evm-rt/build/arago-tmp-default-glibc/work/x86_64-nativesdk-arago-linux/nativesdk-ti-cgt-pru/2.3.3/ti-cgt-pru-2.3.3/ti-cgt-pru_2.3.3/lib/src/stlport/s__ostreambuf_iterator.h
Unpacking /mnt/smpusdk-yocto-build/build/yocto-build_am62xx-lp-evm-rt/build/arago-tmp-default-glibc/work/x86_64-nativesdk-arago-linux/nativesdk-ti-cgt-pru/2.3.3/ti-cgt-pru-2.3.3/ti-cgt-pru_2.3.3/lib/src/stlport/s__ios.h
Unpacking /mnt/smpusdk-yocto-build/build/yocto-build_am62xx-lp-evm-rt/build/arago-tmp-default-glibc/work/x86_64-nativesdk-arago-linux/nativesdk-ti-cgt-pru/2.3.3/ti-cgt-pru-2.3.3/ti-cgt-pru_2.3.3/lib/src/stlport/s__valarray.c
Unpacking /mnt/smpusdk-yocto-build/build/yocto-build_am62xx-lp-evm-rt/build/arago-tmp-default-glibc/work/x86_64-nativesdk-arago-linux/nativesdk-ti-cgt-pru/2.3.3/ti-cgt-pru-2.3.3/ti-cgt-pru_2.3.3/lib/src/stlport/cctype
Unpacking /mnt/smpusdk-yocto-build/build/yocto-build_am62xx-lp-evm-rt/build/arago-tmp-default-glibc/work/x86_64-nativesdk-arago-linux/nativesdk-ti-cgt-pru/2.3.3/ti-cgt-pru-2.3.3/ti-cgt-pru_2.3.3/lib/src/stlport/s__cstring.h
Unpacking /mnt/smpusdk-yocto-build/build/yocto-build_am62xx-lp-evm-rt/build/arago-tmp-default-glibc/work/x86_64-nativesdk-arago-linux/nativesdk-ti-cgt-pru/2.3.3/ti-cgt-pru-2.3.3/ti-cgt-pru_2.3.3/lib/src/stlport/s__string_operators.h
Unpacking /mnt/smpusdk-yocto-build/build/yocto-build_am62xx-lp-evm-rt/build/arago-tmp-default-glibc/work/x86_64-nativesdk-arago-linux/nativesdk-ti-cgt-pru/2.3.3/ti-cgt-pru-2.3.3/ti-cgt-pru_2.3.3/lib/src/stlport/s__iosfwd.h
Unpacking /mnt/smpusdk-yocto-build/build/yocto-build_am62xx-lp-evm-rt/build/arago-tmp-default-glibc/work/x86_64-nativesdk-arago-linux/nativesdk-ti-cgt-pru/2.3.3/ti-cgt-pru-2.3.3/ti-cgt-pru_2.3.3/lib/src/stlport/time_facets.cpp
Unpacking /mnt/smpusdk-yocto-build/build/yocto-build_am62xx-lp-evm-rt/build/arago-tmp-default-glibc/work/x86_64-nativesdk-arago-linux/nativesdk-ti-cgt-pru/2.3.3/ti-cgt-pru-2.3.3/ti-cgt-pru_2.3.3/lib/src/stlport/s__num_put.h
Unpacking /mnt/smpusdk-yocto-build/build/yocto-build_am62xx-lp-evm-rt/build/arago-tmp-default-glibc/work/x86_64-nativesdk-arago-linux/nativesdk-ti-cgt-pru/2.3.3/ti-cgt-pru-2.3.3/ti-cgt-pru_2.3.3/lib/src/stlport/num_get_float.cpp
Unpacking /mnt/smpusdk-yocto-build/build/yocto-build_am62xx-lp-evm-rt/build/arago-tmp-default-glibc/work/x86_64-nativesdk-arago-linux/nativesdk-ti-cgt-pru/2.3.3/ti-cgt-pru-2.3.3/ti-cgt-pru_2.3.3/lib/src/stlport/s_concept_checks.h
Unpacking /mnt/smpusdk-yocto-build/build/yocto-build_am62xx-lp-evm-rt/build/arago-tmp-default-glibc/work/x86_64-nativesdk-arago-linux/nativesdk-ti-cgt-pru/2.3.3/ti-cgt-pru-2.3.3/ti-cgt-pru_2.3.3/lib/src/stlport/cstdarg
Unpacking /mnt/smpusdk-yocto-build/build/yocto-build_am62xx-lp-evm-rt/build/arago-tmp-default-glibc/work/x86_64-nativesdk-arago-linux/nativesdk-ti-cgt-pru/2.3.3/ti-cgt-pru-2.3.3/ti-cgt-pru_2.3.3/lib/src/stlport/dll_main.cpp
Unpacking /mnt/smpusdk-yocto-build/build/yocto-build_am62xx-lp-evm-rt/build/arago-tmp-default-glibc/work/x86_64-nativesdk-arago-linux/nativesdk-ti-cgt-pru/2.3.3/ti-cgt-pru-2.3.3/ti-cgt-pru_2.3.3/lib/src/stlport/s__list.h
Unpacking /mnt/smpusdk-yocto-build/build/yocto-build_am62xx-lp-evm-rt/build/arago-tmp-default-glibc/work/x86_64-nativesdk-arago-linux/nativesdk-ti-cgt-pru/2.3.3/ti-cgt-pru-2.3.3/ti-cgt-pru_2.3.3/lib/src/stlport/s__limits.c
Unpacking /mnt/smpusdk-yocto-build/build/yocto-build_am62xx-lp-evm-rt/build/arago-tmp-default-glibc/work/x86_64-nativesdk-arago-linux/nativesdk-ti-cgt-pru/2.3.3/ti-cgt-pru-2.3.3/ti-cgt-pru_2.3.3/lib/src/stlport/valarray
Unpacking /mnt/smpusdk-yocto-build/build/yocto-build_am62xx-lp-evm-rt/build/arago-tmp-default-glibc/work/x86_64-nativesdk-arago-linux/nativesdk-ti-cgt-pru/2.3.3/ti-cgt-pru-2.3.3/ti-cgt-pru_2.3.3/lib/src/stlport/s__codecvt.h
Unpacking /mnt/smpusdk-yocto-build/build/yocto-build_am62xx-lp-evm-rt/build/arago-tmp-default-glibc/work/x86_64-nativesdk-arago-linux/nativesdk-ti-cgt-pru/2.3.3/ti-cgt-pru-2.3.3/ti-cgt-pru_2.3.3/lib/src/stlport/s__num_get.h
Unpacking /mnt/smpusdk-yocto-build/build/yocto-build_am62xx-lp-evm-rt/build/arago-tmp-default-glibc/work/x86_64-nativesdk-arago-linux/nativesdk-ti-cgt-pru/2.3.3/ti-cgt-pru-2.3.3/ti-cgt-pru_2.3.3/lib/src/stlport/s__carray.h
Unpacking /mnt/smpusdk-yocto-build/build/yocto-build_am62xx-lp-evm-rt/build/arago-tmp-default-glibc/work/x86_64-nativesdk-arago-linux/nativesdk-ti-cgt-pru/2.3.3/ti-cgt-pru-2.3.3/ti-cgt-pru_2.3.3/lib/src/stlport/ostream
Unpacking /mnt/smpusdk-yocto-build/build/yocto-build_am62xx-lp-evm-rt/build/arago-tmp-default-glibc/work/x86_64-nativesdk-arago-linux/nativesdk-ti-cgt-pru/2.3.3/ti-cgt-pru-2.3.3/ti-cgt-pru_2.3.3/lib/src/stlport/s__valarray.h
Unpacking /mnt/smpusdk-yocto-build/build/yocto-build_am62xx-lp-evm-rt/build/arago-tmp-default-glibc/work/x86_64-nativesdk-arago-linux/nativesdk-ti-cgt-pru/2.3.3/ti-cgt-pru-2.3.3/ti-cgt-pru_2.3.3/lib/src/stlport/s__uninitialized.h
Unpacking /mnt/smpusdk-yocto-build/build/yocto-build_am62xx-lp-evm-rt/build/arago-tmp-default-glibc/work/x86_64-nativesdk-arago-linux/nativesdk-ti-cgt-pru/2.3.3/ti-cgt-pru-2.3.3/ti-cgt-pru_2.3.3/lib/src/stlport/strstream.cpp
Unpacking /mnt/smpusdk-yocto-build/build/yocto-build_am62xx-lp-evm-rt/build/arago-tmp-default-glibc/work/x86_64-nativesdk-arago-linux/nativesdk-ti-cgt-pru/2.3.3/ti-cgt-pru-2.3.3/ti-cgt-pru_2.3.3/lib/src/stlport/s__unordered_set.h
Unpacking /mnt/smpusdk-yocto-build/build/yocto-build_am62xx-lp-evm-rt/build/arago-tmp-default-glibc/work/x86_64-nativesdk-arago-linux/nativesdk-ti-cgt-pru/2.3.3/ti-cgt-pru-2.3.3/ti-cgt-pru_2.3.3/lib/src/stlport/s__unordered_map.h
Unpacking /mnt/smpusdk-yocto-build/build/yocto-build_am62xx-lp-evm-rt/build/arago-tmp-default-glibc/work/x86_64-nativesdk-arago-linux/nativesdk-ti-cgt-pru/2.3.3/ti-cgt-pru-2.3.3/ti-cgt-pru_2.3.3/lib/src/stlport/s__monetary.c
Unpacking /mnt/smpusdk-yocto-build/build/yocto-build_am62xx-lp-evm-rt/build/arago-tmp-default-glibc/work/x86_64-nativesdk-arago-linux/nativesdk-ti-cgt-pru/2.3.3/ti-cgt-pru-2.3.3/ti-cgt-pru_2.3.3/lib/src/stlport/stdexcept
Unpacking /mnt/smpusdk-yocto-build/build/yocto-build_am62xx-lp-evm-rt/build/arago-tmp-default-glibc/work/x86_64-nativesdk-arago-linux/nativesdk-ti-cgt-pru/2.3.3/ti-cgt-pru-2.3.3/ti-cgt-pru_2.3.3/lib/src/stlport/s__string_io.c
Unpacking /mnt/smpusdk-yocto-build/build/yocto-build_am62xx-lp-evm-rt/build/arago-tmp-default-glibc/work/x86_64-nativesdk-arago-linux/nativesdk-ti-cgt-pru/2.3.3/ti-cgt-pru-2.3.3/ti-cgt-pru_2.3.3/lib/src/stlport/s__epilog.h
Unpacking /mnt/smpusdk-yocto-build/build/yocto-build_am62xx-lp-evm-rt/build/arago-tmp-default-glibc/work/x86_64-nativesdk-arago-linux/nativesdk-ti-cgt-pru/2.3.3/ti-cgt-pru-2.3.3/ti-cgt-pru_2.3.3/lib/src/stlport/s__config_compat_post.h
Unpacking /mnt/smpusdk-yocto-build/build/yocto-build_am62xx-lp-evm-rt/build/arago-tmp-default-glibc/work/x86_64-nativesdk-arago-linux/nativesdk-ti-cgt-pru/2.3.3/ti-cgt-pru-2.3.3/ti-cgt-pru_2.3.3/lib/src/stlport/s__cwchar.h
Unpacking /mnt/smpusdk-yocto-build/build/yocto-build_am62xx-lp-evm-rt/build/arago-tmp-default-glibc/work/x86_64-nativesdk-arago-linux/nativesdk-ti-cgt-pru/2.3.3/ti-cgt-pru-2.3.3/ti-cgt-pru_2.3.3/lib/src/stlport/s__exception.h
Unpacking /mnt/smpusdk-yocto-build/build/yocto-build_am62xx-lp-evm-rt/build/arago-tmp-default-glibc/work/x86_64-nativesdk-arago-linux/nativesdk-ti-cgt-pru/2.3.3/ti-cgt-pru-2.3.3/ti-cgt-pru_2.3.3/lib/src/stlport/limits
Unpacking /mnt/smpusdk-yocto-build/build/yocto-build_am62xx-lp-evm-rt/build/arago-tmp-default-glibc/work/x86_64-nativesdk-arago-linux/nativesdk-ti-cgt-pru/2.3.3/ti-cgt-pru-2.3.3/ti-cgt-pru_2.3.3/lib/src/stlport/s__cmath.h
Unpacking /mnt/smpusdk-yocto-build/build/yocto-build_am62xx-lp-evm-rt/build/arago-tmp-default-glibc/work/x86_64-nativesdk-arago-linux/nativesdk-ti-cgt-pru/2.3.3/ti-cgt-pru-2.3.3/ti-cgt-pru_2.3.3/lib/src/stlport/s__list.c
Unpacking /mnt/smpusdk-yocto-build/build/yocto-build_am62xx-lp-evm-rt/build/arago-tmp-default-glibc/work/x86_64-nativesdk-arago-linux/nativesdk-ti-cgt-pru/2.3.3/ti-cgt-pru-2.3.3/ti-cgt-pru_2.3.3/lib/src/stlport/s_p__deque.h
Unpacking /mnt/smpusdk-yocto-build/build/yocto-build_am62xx-lp-evm-rt/build/arago-tmp-default-glibc/work/x86_64-nativesdk-arago-linux/nativesdk-ti-cgt-pru/2.3.3/ti-cgt-pru-2.3.3/ti-cgt-pru_2.3.3/lib/src/stlport/s__numeric.c
Unpacking /mnt/smpusdk-yocto-build/build/yocto-build_am62xx-lp-evm-rt/build/arago-tmp-default-glibc/work/x86_64-nativesdk-arago-linux/nativesdk-ti-cgt-pru/2.3.3/ti-cgt-pru-2.3.3/ti-cgt-pru_2.3.3/lib/src/stlport/s__slist_base.h
Unpacking /mnt/smpusdk-yocto-build/build/yocto-build_am62xx-lp-evm-rt/build/arago-tmp-default-glibc/work/x86_64-nativesdk-arago-linux/nativesdk-ti-cgt-pru/2.3.3/ti-cgt-pru-2.3.3/ti-cgt-pru_2.3.3/lib/src/stlport/cstdio
Unpacking /mnt/smpusdk-yocto-build/build/yocto-build_am62xx-lp-evm-rt/build/arago-tmp-default-glibc/work/x86_64-nativesdk-arago-linux/nativesdk-ti-cgt-pru/2.3.3/ti-cgt-pru-2.3.3/ti-cgt-pru_2.3.3/lib/src/stlport/s__algobase.h
Unpacking /mnt/smpusdk-yocto-build/build/yocto-build_am62xx-lp-evm-rt/build/arago-tmp-default-glibc/work/x86_64-nativesdk-arago-linux/nativesdk-ti-cgt-pru/2.3.3/ti-cgt-pru-2.3.3/ti-cgt-pru_2.3.3/lib/src/stlport/s_c_host.h
Unpacking /mnt/smpusdk-yocto-build/build/yocto-build_am62xx-lp-evm-rt/build/arago-tmp-default-glibc/work/x86_64-nativesdk-arago-linux/nativesdk-ti-cgt-pru/2.3.3/ti-cgt-pru-2.3.3/ti-cgt-pru_2.3.3/lib/src/stlport/c_locale.cpp
Unpacking /mnt/smpusdk-yocto-build/build/yocto-build_am62xx-lp-evm-rt/build/arago-tmp-default-glibc/work/x86_64-nativesdk-arago-linux/nativesdk-ti-cgt-pru/2.3.3/ti-cgt-pru-2.3.3/ti-cgt-pru_2.3.3/lib/src/stlport/unordered_map
Unpacking /mnt/smpusdk-yocto-build/build/yocto-build_am62xx-lp-evm-rt/build/arago-tmp-default-glibc/work/x86_64-nativesdk-arago-linux/nativesdk-ti-cgt-pru/2.3.3/ti-cgt-pru-2.3.3/ti-cgt-pru_2.3.3/lib/src/stlport/s__bvector.h
Unpacking /mnt/smpusdk-yocto-build/build/yocto-build_am62xx-lp-evm-rt/build/arago-tmp-default-glibc/work/x86_64-nativesdk-arago-linux/nativesdk-ti-cgt-pru/2.3.3/ti-cgt-pru-2.3.3/ti-cgt-pru_2.3.3/lib/src/stlport/s__ostream.h
Unpacking /mnt/smpusdk-yocto-build/build/yocto-build_am62xx-lp-evm-rt/build/arago-tmp-default-glibc/work/x86_64-nativesdk-arago-linux/nativesdk-ti-cgt-pru/2.3.3/ti-cgt-pru-2.3.3/ti-cgt-pru_2.3.3/lib/src/stlport/s__ios_base.h
Unpacking /mnt/smpusdk-yocto-build/build/yocto-build_am62xx-lp-evm-rt/build/arago-tmp-default-glibc/work/x86_64-nativesdk-arago-linux/nativesdk-ti-cgt-pru/2.3.3/ti-cgt-pru-2.3.3/ti-cgt-pru_2.3.3/lib/src/stlport/fstream.cpp
Unpacking /mnt/smpusdk-yocto-build/build/yocto-build_am62xx-lp-evm-rt/build/arago-tmp-default-glibc/work/x86_64-nativesdk-arago-linux/nativesdk-ti-cgt-pru/2.3.3/ti-cgt-pru-2.3.3/ti-cgt-pru_2.3.3/lib/src/stlport/locale.cpp
Unpacking /mnt/smpusdk-yocto-build/build/yocto-build_am62xx-lp-evm-rt/build/arago-tmp-default-glibc/work/x86_64-nativesdk-arago-linux/nativesdk-ti-cgt-pru/2.3.3/ti-cgt-pru-2.3.3/ti-cgt-pru_2.3.3/lib/src/stlport/complex.cpp
Unpacking /mnt/smpusdk-yocto-build/build/yocto-build_am62xx-lp-evm-rt/build/arago-tmp-default-glibc/work/x86_64-nativesdk-arago-linux/nativesdk-ti-cgt-pru/2.3.3/ti-cgt-pru-2.3.3/ti-cgt-pru_2.3.3/lib/src/stlport/s_c_user_config.h
Unpacking /mnt/smpusdk-yocto-build/build/yocto-build_am62xx-lp-evm-rt/build/arago-tmp-default-glibc/work/x86_64-nativesdk-arago-linux/nativesdk-ti-cgt-pru/2.3.3/ti-cgt-pru-2.3.3/ti-cgt-pru_2.3.3/lib/src/stlport/locale_impl.cpp
Unpacking /mnt/smpusdk-yocto-build/build/yocto-build_am62xx-lp-evm-rt/build/arago-tmp-default-glibc/work/x86_64-nativesdk-arago-linux/nativesdk-ti-cgt-pru/2.3.3/ti-cgt-pru-2.3.3/ti-cgt-pru_2.3.3/lib/src/stlport/codecvt.cpp
Unpacking /mnt/smpusdk-yocto-build/build/yocto-build_am62xx-lp-evm-rt/build/arago-tmp-default-glibc/work/x86_64-nativesdk-arago-linux/nativesdk-ti-cgt-pru/2.3.3/ti-cgt-pru-2.3.3/ti-cgt-pru_2.3.3/lib/src/stlport/iostream.cpp
Unpacking /mnt/smpusdk-yocto-build/build/yocto-build_am62xx-lp-evm-rt/build/arago-tmp-default-glibc/work/x86_64-nativesdk-arago-linux/nativesdk-ti-cgt-pru/2.3.3/ti-cgt-pru-2.3.3/ti-cgt-pru_2.3.3/lib/src/stlport/s__collate.h
Unpacking /mnt/smpusdk-yocto-build/build/yocto-build_am62xx-lp-evm-rt/build/arago-tmp-default-glibc/work/x86_64-nativesdk-arago-linux/nativesdk-ti-cgt-pru/2.3.3/ti-cgt-pru-2.3.3/ti-cgt-pru_2.3.3/lib/src/stlport/s__streambuf.h
Unpacking /mnt/smpusdk-yocto-build/build/yocto-build_am62xx-lp-evm-rt/build/arago-tmp-default-glibc/work/x86_64-nativesdk-arago-linux/nativesdk-ti-cgt-pru/2.3.3/ti-cgt-pru-2.3.3/ti-cgt-pru_2.3.3/lib/src/stlport/s__slist_base.c
Unpacking /mnt/smpusdk-yocto-build/build/yocto-build_am62xx-lp-evm-rt/build/arago-tmp-default-glibc/work/x86_64-nativesdk-arago-linux/nativesdk-ti-cgt-pru/2.3.3/ti-cgt-pru-2.3.3/ti-cgt-pru_2.3.3/lib/src/stlport/fstream
Unpacking /mnt/smpusdk-yocto-build/build/yocto-build_am62xx-lp-evm-rt/build/arago-tmp-default-glibc/work/x86_64-nativesdk-arago-linux/nativesdk-ti-cgt-pru/2.3.3/ti-cgt-pru-2.3.3/ti-cgt-pru_2.3.3/lib/src/stlport/s__iterator_old.h
Unpacking /mnt/smpusdk-yocto-build/build/yocto-build_am62xx-lp-evm-rt/build/arago-tmp-default-glibc/work/x86_64-nativesdk-arago-linux/nativesdk-ti-cgt-pru/2.3.3/ti-cgt-pru-2.3.3/ti-cgt-pru_2.3.3/lib/src/stlport/s__algo.c
Unpacking /mnt/smpusdk-yocto-build/build/yocto-build_am62xx-lp-evm-rt/build/arago-tmp-default-glibc/work/x86_64-nativesdk-arago-linux/nativesdk-ti-cgt-pru/2.3.3/ti-cgt-pru-2.3.3/ti-cgt-pru_2.3.3/lib/src/stlport/s__num_put.c
Unpacking /mnt/smpusdk-yocto-build/build/yocto-build_am62xx-lp-evm-rt/build/arago-tmp-default-glibc/work/x86_64-nativesdk-arago-linux/nativesdk-ti-cgt-pru/2.3.3/ti-cgt-pru-2.3.3/ti-cgt-pru_2.3.3/lib/src/stlport/s__ios.c
Unpacking /mnt/smpusdk-yocto-build/build/yocto-build_am62xx-lp-evm-rt/build/arago-tmp-default-glibc/work/x86_64-nativesdk-arago-linux/nativesdk-ti-cgt-pru/2.3.3/ti-cgt-pru-2.3.3/ti-cgt-pru_2.3.3/lib/src/stlport/s__time_facets.h
Unpacking /mnt/smpusdk-yocto-build/build/yocto-build_am62xx-lp-evm-rt/build/arago-tmp-default-glibc/work/x86_64-nativesdk-arago-linux/nativesdk-ti-cgt-pru/2.3.3/ti-cgt-pru-2.3.3/ti-cgt-pru_2.3.3/lib/src/stlport/hash_map
Unpacking /mnt/smpusdk-yocto-build/build/yocto-build_am62xx-lp-evm-rt/build/arago-tmp-default-glibc/work/x86_64-nativesdk-arago-linux/nativesdk-ti-cgt-pru/2.3.3/ti-cgt-pru-2.3.3/ti-cgt-pru_2.3.3/lib/src/stlport/s__complex.h
Unpacking /mnt/smpusdk-yocto-build/build/yocto-build_am62xx-lp-evm-rt/build/arago-tmp-default-glibc/work/x86_64-nativesdk-arago-linux/nativesdk-ti-cgt-pru/2.3.3/ti-cgt-pru-2.3.3/ti-cgt-pru_2.3.3/lib/src/stlport/numpunct.cpp
Unpacking /mnt/smpusdk-yocto-build/build/yocto-build_am62xx-lp-evm-rt/build/arago-tmp-default-glibc/work/x86_64-nativesdk-arago-linux/nativesdk-ti-cgt-pru/2.3.3/ti-cgt-pru-2.3.3/ti-cgt-pru_2.3.3/lib/src/stlport/ciso646
Unpacking /mnt/smpusdk-yocto-build/build/yocto-build_am62xx-lp-evm-rt/build/arago-tmp-default-glibc/work/x86_64-nativesdk-arago-linux/nativesdk-ti-cgt-pru/2.3.3/ti-cgt-pru-2.3.3/ti-cgt-pru_2.3.3/lib/src/stlport/locale_catalog.cpp
Unpacking /mnt/smpusdk-yocto-build/build/yocto-build_am62xx-lp-evm-rt/build/arago-tmp-default-glibc/work/x86_64-nativesdk-arago-linux/nativesdk-ti-cgt-pru/2.3.3/ti-cgt-pru-2.3.3/ti-cgt-pru_2.3.3/lib/src/stlport/stlport_prefix.h
Unpacking /mnt/smpusdk-yocto-build/build/yocto-build_am62xx-lp-evm-rt/build/arago-tmp-default-glibc/work/x86_64-nativesdk-arago-linux/nativesdk-ti-cgt-pru/2.3.3/ti-cgt-pru-2.3.3/ti-cgt-pru_2.3.3/lib/src/stlport/list
Unpacking /mnt/smpusdk-yocto-build/build/yocto-build_am62xx-lp-evm-rt/build/arago-tmp-default-glibc/work/x86_64-nativesdk-arago-linux/nativesdk-ti-cgt-pru/2.3.3/ti-cgt-pru-2.3.3/ti-cgt-pru_2.3.3/lib/src/stlport/messages.cpp
Unpacking /mnt/smpusdk-yocto-build/build/yocto-build_am62xx-lp-evm-rt/build/arago-tmp-default-glibc/work/x86_64-nativesdk-arago-linux/nativesdk-ti-cgt-pru/2.3.3/ti-cgt-pru-2.3.3/ti-cgt-pru_2.3.3/lib/src/stlport/s__raw_storage_iter.h
Unpacking /mnt/smpusdk-yocto-build/build/yocto-build_am62xx-lp-evm-rt/build/arago-tmp-default-glibc/work/x86_64-nativesdk-arago-linux/nativesdk-ti-cgt-pru/2.3.3/ti-cgt-pru-2.3.3/ti-cgt-pru_2.3.3/lib/src/stlport/s__complex.c
Unpacking /mnt/smpusdk-yocto-build/build/yocto-build_am62xx-lp-evm-rt/build/arago-tmp-default-glibc/work/x86_64-nativesdk-arago-linux/nativesdk-ti-cgt-pru/2.3.3/ti-cgt-pru-2.3.3/ti-cgt-pru_2.3.3/lib/src/stlport/iterator
Unpacking /mnt/smpusdk-yocto-build/build/yocto-build_am62xx-lp-evm-rt/build/arago-tmp-default-glibc/work/x86_64-nativesdk-arago-linux/nativesdk-ti-cgt-pru/2.3.3/ti-cgt-pru-2.3.3/ti-cgt-pru_2.3.3/lib/src/stlport/stdio_streambuf.cpp
Unpacking /mnt/smpusdk-yocto-build/build/yocto-build_am62xx-lp-evm-rt/build/arago-tmp-default-glibc/work/x86_64-nativesdk-arago-linux/nativesdk-ti-cgt-pru/2.3.3/ti-cgt-pru-2.3.3/ti-cgt-pru_2.3.3/lib/src/stlport/s_c__epilog.h
Unpacking /mnt/smpusdk-yocto-build/build/yocto-build_am62xx-lp-evm-rt/build/arago-tmp-default-glibc/work/x86_64-nativesdk-arago-linux/nativesdk-ti-cgt-pru/2.3.3/ti-cgt-pru-2.3.3/ti-cgt-pru_2.3.3/lib/src/stlport/deque
Unpacking /mnt/smpusdk-yocto-build/build/yocto-build_am62xx-lp-evm-rt/build/arago-tmp-default-glibc/work/x86_64-nativesdk-arago-linux/nativesdk-ti-cgt-pru/2.3.3/ti-cgt-pru-2.3.3/ti-cgt-pru_2.3.3/lib/src/stlport/numeric
Unpacking /mnt/smpusdk-yocto-build/build/yocto-build_am62xx-lp-evm-rt/build/arago-tmp-default-glibc/work/x86_64-nativesdk-arago-linux/nativesdk-ti-cgt-pru/2.3.3/ti-cgt-pru-2.3.3/ti-cgt-pru_2.3.3/lib/src/stlport/s__rope.h
Unpacking /mnt/smpusdk-yocto-build/build/yocto-build_am62xx-lp-evm-rt/build/arago-tmp-default-glibc/work/x86_64-nativesdk-arago-linux/nativesdk-ti-cgt-pru/2.3.3/ti-cgt-pru-2.3.3/ti-cgt-pru_2.3.3/lib/src/stlport/slist
Unpacking /mnt/smpusdk-yocto-build/build/yocto-build_am62xx-lp-evm-rt/build/arago-tmp-default-glibc/work/x86_64-nativesdk-arago-linux/nativesdk-ti-cgt-pru/2.3.3/ti-cgt-pru-2.3.3/ti-cgt-pru_2.3.3/lib/src/stlport/s__heap.h
Unpacking /mnt/smpusdk-yocto-build/build/yocto-build_am62xx-lp-evm-rt/build/arago-tmp-default-glibc/work/x86_64-nativesdk-arago-linux/nativesdk-ti-cgt-pru/2.3.3/ti-cgt-pru-2.3.3/ti-cgt-pru_2.3.3/lib/src/stlport/s__csignal.h
Unpacking /mnt/smpusdk-yocto-build/build/yocto-build_am62xx-lp-evm-rt/build/arago-tmp-default-glibc/work/x86_64-nativesdk-arago-linux/nativesdk-ti-cgt-pru/2.3.3/ti-cgt-pru-2.3.3/ti-cgt-pru_2.3.3/lib/src/stlport/s__function_adaptors.h
Unpacking /mnt/smpusdk-yocto-build/build/yocto-build_am62xx-lp-evm-rt/build/arago-tmp-default-glibc/work/x86_64-nativesdk-arago-linux/nativesdk-ti-cgt-pru/2.3.3/ti-cgt-pru-2.3.3/ti-cgt-pru_2.3.3/lib/src/stlport/sstream.cpp
Unpacking /mnt/smpusdk-yocto-build/build/yocto-build_am62xx-lp-evm-rt/build/arago-tmp-default-glibc/work/x86_64-nativesdk-arago-linux/nativesdk-ti-cgt-pru/2.3.3/ti-cgt-pru-2.3.3/ti-cgt-pru_2.3.3/lib/src/stlport/map
Unpacking /mnt/smpusdk-yocto-build/build/yocto-build_am62xx-lp-evm-rt/build/arago-tmp-default-glibc/work/x86_64-nativesdk-arago-linux/nativesdk-ti-cgt-pru/2.3.3/ti-cgt-pru-2.3.3/ti-cgt-pru_2.3.3/lib/src/stlport/s__mbstate_t.h
Unpacking /mnt/smpusdk-yocto-build/build/yocto-build_am62xx-lp-evm-rt/build/arago-tmp-default-glibc/work/x86_64-nativesdk-arago-linux/nativesdk-ti-cgt-pru/2.3.3/ti-cgt-pru-2.3.3/ti-cgt-pru_2.3.3/lib/src/stlport/s__pair.h
Unpacking /mnt/smpusdk-yocto-build/build/yocto-build_am62xx-lp-evm-rt/build/arago-tmp-default-glibc/work/x86_64-nativesdk-arago-linux/nativesdk-ti-cgt-pru/2.3.3/ti-cgt-pru-2.3.3/ti-cgt-pru_2.3.3/lib/src/stlport/s_c_stl_confix.h
Unpacking /mnt/smpusdk-yocto-build/build/yocto-build_am62xx-lp-evm-rt/build/arago-tmp-default-glibc/work/x86_64-nativesdk-arago-linux/nativesdk-ti-cgt-pru/2.3.3/ti-cgt-pru-2.3.3/ti-cgt-pru_2.3.3/lib/src/stlport/t_fstream_stdio.c
Unpacking /mnt/smpusdk-yocto-build/build/yocto-build_am62xx-lp-evm-rt/build/arago-tmp-default-glibc/work/x86_64-nativesdk-arago-linux/nativesdk-ti-cgt-pru/2.3.3/ti-cgt-pru-2.3.3/ti-cgt-pru_2.3.3/lib/src/stlport/s__map.h
Unpacking /mnt/smpusdk-yocto-build/build/yocto-build_am62xx-lp-evm-rt/build/arago-tmp-default-glibc/work/x86_64-nativesdk-arago-linux/nativesdk-ti-cgt-pru/2.3.3/ti-cgt-pru-2.3.3/ti-cgt-pru_2.3.3/lib/src/stlport/bitset
Unpacking /mnt/smpusdk-yocto-build/build/yocto-build_am62xx-lp-evm-rt/build/arago-tmp-default-glibc/work/x86_64-nativesdk-arago-linux/nativesdk-ti-cgt-pru/2.3.3/ti-cgt-pru-2.3.3/ti-cgt-pru_2.3.3/lib/src/stlport/s__stdexcept.h
Unpacking /mnt/smpusdk-yocto-build/build/yocto-build_am62xx-lp-evm-rt/build/arago-tmp-default-glibc/work/x86_64-nativesdk-arago-linux/nativesdk-ti-cgt-pru/2.3.3/ti-cgt-pru-2.3.3/ti-cgt-pru_2.3.3/lib/src/stlport/monetary.cpp
Unpacking /mnt/smpusdk-yocto-build/build/yocto-build_am62xx-lp-evm-rt/build/arago-tmp-default-glibc/work/x86_64-nativesdk-arago-linux/nativesdk-ti-cgt-pru/2.3.3/ti-cgt-pru-2.3.3/ti-cgt-pru_2.3.3/lib/src/stlport/cstring
Unpacking /mnt/smpusdk-yocto-build/build/yocto-build_am62xx-lp-evm-rt/build/arago-tmp-default-glibc/work/x86_64-nativesdk-arago-linux/nativesdk-ti-cgt-pru/2.3.3/ti-cgt-pru-2.3.3/ti-cgt-pru_2.3.3/lib/src/stlport/typeinfo
Unpacking /mnt/smpusdk-yocto-build/build/yocto-build_am62xx-lp-evm-rt/build/arago-tmp-default-glibc/work/x86_64-nativesdk-arago-linux/nativesdk-ti-cgt-pru/2.3.3/ti-cgt-pru-2.3.3/ti-cgt-pru_2.3.3/lib/src/stlport/collate.cpp
Unpacking /mnt/smpusdk-yocto-build/build/yocto-build_am62xx-lp-evm-rt/build/arago-tmp-default-glibc/work/x86_64-nativesdk-arago-linux/nativesdk-ti-cgt-pru/2.3.3/ti-cgt-pru-2.3.3/ti-cgt-pru_2.3.3/lib/src/stlport/cmath
Unpacking /mnt/smpusdk-yocto-build/build/yocto-build_am62xx-lp-evm-rt/build/arago-tmp-default-glibc/work/x86_64-nativesdk-arago-linux/nativesdk-ti-cgt-pru/2.3.3/ti-cgt-pru-2.3.3/ti-cgt-pru_2.3.3/lib/src/stlport/s__algobase.c
Unpacking /mnt/smpusdk-yocto-build/build/yocto-build_am62xx-lp-evm-rt/build/arago-tmp-default-glibc/work/x86_64-nativesdk-arago-linux/nativesdk-ti-cgt-pru/2.3.3/ti-cgt-pru-2.3.3/ti-cgt-pru_2.3.3/lib/src/stlport/ios.cpp
Unpacking /mnt/smpusdk-yocto-build/build/yocto-build_am62xx-lp-evm-rt/build/arago-tmp-default-glibc/work/x86_64-nativesdk-arago-linux/nativesdk-ti-cgt-pru/2.3.3/ti-cgt-pru-2.3.3/ti-cgt-pru_2.3.3/lib/src/stlport/s__string_npos.h
Unpacking /mnt/smpusdk-yocto-build/build/yocto-build_am62xx-lp-evm-rt/build/arago-tmp-default-glibc/work/x86_64-nativesdk-arago-linux/nativesdk-ti-cgt-pru/2.3.3/ti-cgt-pru-2.3.3/ti-cgt-pru_2.3.3/lib/src/stlport/s_p__set.h
Unpacking /mnt/smpusdk-yocto-build/build/yocto-build_am62xx-lp-evm-rt/build/arago-tmp-default-glibc/work/x86_64-nativesdk-arago-linux/nativesdk-ti-cgt-pru/2.3.3/ti-cgt-pru-2.3.3/ti-cgt-pru_2.3.3/lib/src/stlport/s__construct.h
Unpacking /mnt/smpusdk-yocto-build/build/yocto-build_am62xx-lp-evm-rt/build/arago-tmp-default-glibc/work/x86_64-nativesdk-arago-linux/nativesdk-ti-cgt-pru/2.3.3/ti-cgt-pru-2.3.3/ti-cgt-pru_2.3.3/lib/src/stlport/csignal
Unpacking /mnt/smpusdk-yocto-build/build/yocto-build_am62xx-lp-evm-rt/build/arago-tmp-default-glibc/work/x86_64-nativesdk-arago-linux/nativesdk-ti-cgt-pru/2.3.3/ti-cgt-pru-2.3.3/ti-cgt-pru_2.3.3/lib/src/stlport/s__cstdio.h
Unpacking /mnt/smpusdk-yocto-build/build/yocto-build_am62xx-lp-evm-rt/build/arago-tmp-default-glibc/work/x86_64-nativesdk-arago-linux/nativesdk-ti-cgt-pru/2.3.3/ti-cgt-pru-2.3.3/ti-cgt-pru_2.3.3/lib/src/stlport/s__monetary.h
Unpacking /mnt/smpusdk-yocto-build/build/yocto-build_am62xx-lp-evm-rt/build/arago-tmp-default-glibc/work/x86_64-nativesdk-arago-linux/nativesdk-ti-cgt-pru/2.3.3/ti-cgt-pru-2.3.3/ti-cgt-pru_2.3.3/lib/src/stlport/s__prolog.h
Unpacking /mnt/smpusdk-yocto-build/build/yocto-build_am62xx-lp-evm-rt/build/arago-tmp-default-glibc/work/x86_64-nativesdk-arago-linux/nativesdk-ti-cgt-pru/2.3.3/ti-cgt-pru-2.3.3/ti-cgt-pru_2.3.3/lib/src/stlport/s__locale.h
Unpacking /mnt/smpusdk-yocto-build/build/yocto-build_am62xx-lp-evm-rt/build/arago-tmp-default-glibc/work/x86_64-nativesdk-arago-linux/nativesdk-ti-cgt-pru/2.3.3/ti-cgt-pru-2.3.3/ti-cgt-pru_2.3.3/lib/src/stlport/s__hashtable.h
Unpacking /mnt/smpusdk-yocto-build/build/yocto-build_am62xx-lp-evm-rt/build/arago-tmp-default-glibc/work/x86_64-nativesdk-arago-linux/nativesdk-ti-cgt-pru/2.3.3/ti-cgt-pru-2.3.3/ti-cgt-pru_2.3.3/lib/src/stlport/s__csetjmp.h
Unpacking /mnt/smpusdk-yocto-build/build/yocto-build_am62xx-lp-evm-rt/build/arago-tmp-default-glibc/work/x86_64-nativesdk-arago-linux/nativesdk-ti-cgt-pru/2.3.3/ti-cgt-pru-2.3.3/ti-cgt-pru_2.3.3/lib/src/stlport/s__vector.h
Unpacking /mnt/smpusdk-yocto-build/build/yocto-build_am62xx-lp-evm-rt/build/arago-tmp-default-glibc/work/x86_64-nativesdk-arago-linux/nativesdk-ti-cgt-pru/2.3.3/ti-cgt-pru-2.3.3/ti-cgt-pru_2.3.3/lib/src/stlport/s__heap.c
Unpacking /mnt/smpusdk-yocto-build/build/yocto-build_am62xx-lp-evm-rt/build/arago-tmp-default-glibc/work/x86_64-nativesdk-arago-linux/nativesdk-ti-cgt-pru/2.3.3/ti-cgt-pru-2.3.3/ti-cgt-pru_2.3.3/lib/src/stlport/s__vector.c
Unpacking /mnt/smpusdk-yocto-build/build/yocto-build_am62xx-lp-evm-rt/build/arago-tmp-default-glibc/work/x86_64-nativesdk-arago-linux/nativesdk-ti-cgt-pru/2.3.3/ti-cgt-pru-2.3.3/ti-cgt-pru_2.3.3/lib/src/stlport/u_cstring
Unpacking /mnt/smpusdk-yocto-build/build/yocto-build_am62xx-lp-evm-rt/build/arago-tmp-default-glibc/work/x86_64-nativesdk-arago-linux/nativesdk-ti-cgt-pru/2.3.3/ti-cgt-pru-2.3.3/ti-cgt-pru_2.3.3/lib/src/stlport/s__time_facets.c
Unpacking /mnt/smpusdk-yocto-build/build/yocto-build_am62xx-lp-evm-rt/build/arago-tmp-default-glibc/work/x86_64-nativesdk-arago-linux/nativesdk-ti-cgt-pru/2.3.3/ti-cgt-pru-2.3.3/ti-cgt-pru_2.3.3/lib/src/stlport/unified_locale.cpp
Unpacking /mnt/smpusdk-yocto-build/build/yocto-build_am62xx-lp-evm-rt/build/arago-tmp-default-glibc/work/x86_64-nativesdk-arago-linux/nativesdk-ti-cgt-pru/2.3.3/ti-cgt-pru-2.3.3/ti-cgt-pru_2.3.3/lib/src/stlport/s__move_construct_fwk.h
Unpacking /mnt/smpusdk-yocto-build/build/yocto-build_am62xx-lp-evm-rt/build/arago-tmp-default-glibc/work/x86_64-nativesdk-arago-linux/nativesdk-ti-cgt-pru/2.3.3/ti-cgt-pru-2.3.3/ti-cgt-pru_2.3.3/lib/src/stlport/s__num_get.c
Unpacking /mnt/smpusdk-yocto-build/build/yocto-build_am62xx-lp-evm-rt/build/arago-tmp-default-glibc/work/x86_64-nativesdk-arago-linux/nativesdk-ti-cgt-pru/2.3.3/ti-cgt-pru-2.3.3/ti-cgt-pru_2.3.3/lib/src/stlport/ctime
Unpacking /mnt/smpusdk-yocto-build/build/yocto-build_am62xx-lp-evm-rt/build/arago-tmp-default-glibc/work/x86_64-nativesdk-arago-linux/nativesdk-ti-cgt-pru/2.3.3/ti-cgt-pru-2.3.3/ti-cgt-pru_2.3.3/lib/src/stlport/s_c_features.h
Unpacking /mnt/smpusdk-yocto-build/build/yocto-build_am62xx-lp-evm-rt/build/arago-tmp-default-glibc/work/x86_64-nativesdk-arago-linux/nativesdk-ti-cgt-pru/2.3.3/ti-cgt-pru-2.3.3/ti-cgt-pru_2.3.3/lib/src/stlport/s__string_hash.h
Unpacking /mnt/smpusdk-yocto-build/build/yocto-build_am62xx-lp-evm-rt/build/arago-tmp-default-glibc/work/x86_64-nativesdk-arago-linux/nativesdk-ti-cgt-pru/2.3.3/ti-cgt-pru-2.3.3/ti-cgt-pru_2.3.3/lib/src/stlport/locale_impl.h
Unpacking /mnt/smpusdk-yocto-build/build/yocto-build_am62xx-lp-evm-rt/build/arago-tmp-default-glibc/work/x86_64-nativesdk-arago-linux/nativesdk-ti-cgt-pru/2.3.3/ti-cgt-pru-2.3.3/ti-cgt-pru_2.3.3/lib/src/stlport/message_facets.h
Unpacking /mnt/smpusdk-yocto-build/build/yocto-build_am62xx-lp-evm-rt/build/arago-tmp-default-glibc/work/x86_64-nativesdk-arago-linux/nativesdk-ti-cgt-pru/2.3.3/ti-cgt-pru-2.3.3/ti-cgt-pru_2.3.3/lib/src/stlport/s__iterator_base.h
Unpacking /mnt/smpusdk-yocto-build/build/yocto-build_am62xx-lp-evm-rt/build/arago-tmp-default-glibc/work/x86_64-nativesdk-arago-linux/nativesdk-ti-cgt-pru/2.3.3/ti-cgt-pru-2.3.3/ti-cgt-pru_2.3.3/lib/src/stlport/cstddef
Unpacking /mnt/smpusdk-yocto-build/build/yocto-build_am62xx-lp-evm-rt/build/arago-tmp-default-glibc/work/x86_64-nativesdk-arago-linux/nativesdk-ti-cgt-pru/2.3.3/ti-cgt-pru-2.3.3/ti-cgt-pru_2.3.3/lib/src/stlport/s__cprolog.h
Unpacking /mnt/smpusdk-yocto-build/build/yocto-build_am62xx-lp-evm-rt/build/arago-tmp-default-glibc/work/x86_64-nativesdk-arago-linux/nativesdk-ti-cgt-pru/2.3.3/ti-cgt-pru-2.3.3/ti-cgt-pru_2.3.3/lib/src/stlport/s__ctraits_fns.h
Unpacking /mnt/smpusdk-yocto-build/build/yocto-build_am62xx-lp-evm-rt/build/arago-tmp-default-glibc/work/x86_64-nativesdk-arago-linux/nativesdk-ti-cgt-pru/2.3.3/ti-cgt-pru-2.3.3/ti-cgt-pru_2.3.3/lib/src/stlport/s__slist.c
Unpacking /mnt/smpusdk-yocto-build/build/yocto-build_am62xx-lp-evm-rt/build/arago-tmp-default-glibc/work/x86_64-nativesdk-arago-linux/nativesdk-ti-cgt-pru/2.3.3/ti-cgt-pru-2.3.3/ti-cgt-pru_2.3.3/lib/src/stlport/num_get.cpp
Unpacking /mnt/smpusdk-yocto-build/build/yocto-build_am62xx-lp-evm-rt/build/arago-tmp-default-glibc/work/x86_64-nativesdk-arago-linux/nativesdk-ti-cgt-pru/2.3.3/ti-cgt-pru-2.3.3/ti-cgt-pru_2.3.3/lib/src/stlport/s_c__system.h
Unpacking /mnt/smpusdk-yocto-build/build/yocto-build_am62xx-lp-evm-rt/build/arago-tmp-default-glibc/work/x86_64-nativesdk-arago-linux/nativesdk-ti-cgt-pru/2.3.3/ti-cgt-pru-2.3.3/ti-cgt-pru_2.3.3/lib/src/stlport/iosfwd
Unpacking /mnt/smpusdk-yocto-build/build/yocto-build_am62xx-lp-evm-rt/build/arago-tmp-default-glibc/work/x86_64-nativesdk-arago-linux/nativesdk-ti-cgt-pru/2.3.3/ti-cgt-pru-2.3.3/ti-cgt-pru_2.3.3/lib/src/stlport/s_type_manips.h
Unpacking /mnt/smpusdk-yocto-build/build/yocto-build_am62xx-lp-evm-rt/build/arago-tmp-default-glibc/work/x86_64-nativesdk-arago-linux/nativesdk-ti-cgt-pru/2.3.3/ti-cgt-pru-2.3.3/ti-cgt-pru_2.3.3/lib/src/stlport/s__typeinfo.h
Unpacking /mnt/smpusdk-yocto-build/build/yocto-build_am62xx-lp-evm-rt/build/arago-tmp-default-glibc/work/x86_64-nativesdk-arago-linux/nativesdk-ti-cgt-pru/2.3.3/ti-cgt-pru-2.3.3/ti-cgt-pru_2.3.3/lib/src/stlport/s__cstdlib.h
Unpacking /mnt/smpusdk-yocto-build/build/yocto-build_am62xx-lp-evm-rt/build/arago-tmp-default-glibc/work/x86_64-nativesdk-arago-linux/nativesdk-ti-cgt-pru/2.3.3/ti-cgt-pru-2.3.3/ti-cgt-pru_2.3.3/lib/src/stlport/s__sstream.c
Unpacking /mnt/smpusdk-yocto-build/build/yocto-build_am62xx-lp-evm-rt/build/arago-tmp-default-glibc/work/x86_64-nativesdk-arago-linux/nativesdk-ti-cgt-pru/2.3.3/ti-cgt-pru-2.3.3/ti-cgt-pru_2.3.3/lib/src/stlport/algorithm
Unpacking /mnt/smpusdk-yocto-build/build/yocto-build_am62xx-lp-evm-rt/build/arago-tmp-default-glibc/work/x86_64-nativesdk-arago-linux/nativesdk-ti-cgt-pru/2.3.3/ti-cgt-pru-2.3.3/ti-cgt-pru_2.3.3/lib/src/stlport/_stdio_file.h
Unpacking /mnt/smpusdk-yocto-build/build/yocto-build_am62xx-lp-evm-rt/build/arago-tmp-default-glibc/work/x86_64-nativesdk-arago-linux/nativesdk-ti-cgt-pru/2.3.3/ti-cgt-pru-2.3.3/ti-cgt-pru_2.3.3/lib/src/stlport/s__deque.h
Unpacking /mnt/smpusdk-yocto-build/build/yocto-build_am62xx-lp-evm-rt/build/arago-tmp-default-glibc/work/x86_64-nativesdk-arago-linux/nativesdk-ti-cgt-pru/2.3.3/ti-cgt-pru-2.3.3/ti-cgt-pru_2.3.3/lib/src/stlport/s__strstream.h
Unpacking /mnt/smpusdk-yocto-build/build/yocto-build_am62xx-lp-evm-rt/build/arago-tmp-default-glibc/work/x86_64-nativesdk-arago-linux/nativesdk-ti-cgt-pru/2.3.3/ti-cgt-pru-2.3.3/ti-cgt-pru_2.3.3/lib/src/stlport/s__stream_iterator.h
Unpacking /mnt/smpusdk-yocto-build/build/yocto-build_am62xx-lp-evm-rt/build/arago-tmp-default-glibc/work/x86_64-nativesdk-arago-linux/nativesdk-ti-cgt-pru/2.3.3/ti-cgt-pru-2.3.3/ti-cgt-pru_2.3.3/lib/src/stlport/num_put_float.cpp
Unpacking /mnt/smpusdk-yocto-build/build/yocto-build_am62xx-lp-evm-rt/build/arago-tmp-default-glibc/work/x86_64-nativesdk-arago-linux/nativesdk-ti-cgt-pru/2.3.3/ti-cgt-pru-2.3.3/ti-cgt-pru_2.3.3/lib/src/stlport/s__facets_fwd.h
Unpacking /mnt/smpusdk-yocto-build/build/yocto-build_am62xx-lp-evm-rt/build/arago-tmp-default-glibc/work/x86_64-nativesdk-arago-linux/nativesdk-ti-cgt-pru/2.3.3/ti-cgt-pru-2.3.3/ti-cgt-pru_2.3.3/lib/src/stlport/s__fstream.h
Unpacking /mnt/smpusdk-yocto-build/build/yocto-build_am62xx-lp-evm-rt/build/arago-tmp-default-glibc/work/x86_64-nativesdk-arago-linux/nativesdk-ti-cgt-pru/2.3.3/ti-cgt-pru-2.3.3/ti-cgt-pru_2.3.3/lib/src/stlport/acquire_release.h
Unpacking /mnt/smpusdk-yocto-build/build/yocto-build_am62xx-lp-evm-rt/build/arago-tmp-default-glibc/work/x86_64-nativesdk-arago-linux/nativesdk-ti-cgt-pru/2.3.3/ti-cgt-pru-2.3.3/ti-cgt-pru_2.3.3/lib/src/stlport/s__bitset.h
Unpacking /mnt/smpusdk-yocto-build/build/yocto-build_am62xx-lp-evm-rt/build/arago-tmp-default-glibc/work/x86_64-nativesdk-arago-linux/nativesdk-ti-cgt-pru/2.3.3/ti-cgt-pru-2.3.3/ti-cgt-pru_2.3.3/lib/src/stlport/s__queue.h
Unpacking /mnt/smpusdk-yocto-build/build/yocto-build_am62xx-lp-evm-rt/build/arago-tmp-default-glibc/work/x86_64-nativesdk-arago-linux/nativesdk-ti-cgt-pru/2.3.3/ti-cgt-pru-2.3.3/ti-cgt-pru_2.3.3/lib/src/stlport/s__sstream.h
Unpacking /mnt/smpusdk-yocto-build/build/yocto-build_am62xx-lp-evm-rt/build/arago-tmp-default-glibc/work/x86_64-nativesdk-arago-linux/nativesdk-ti-cgt-pru/2.3.3/ti-cgt-pru-2.3.3/ti-cgt-pru_2.3.3/lib/src/stlport/s__ctype.h
Unpacking /mnt/smpusdk-yocto-build/build/yocto-build_am62xx-lp-evm-rt/build/arago-tmp-default-glibc/work/x86_64-nativesdk-arago-linux/nativesdk-ti-cgt-pru/2.3.3/ti-cgt-pru-2.3.3/ti-cgt-pru_2.3.3/lib/src/stlport/s__auto_ptr.h
Unpacking /mnt/smpusdk-yocto-build/build/yocto-build_am62xx-lp-evm-rt/build/arago-tmp-default-glibc/work/x86_64-nativesdk-arago-linux/nativesdk-ti-cgt-pru/2.3.3/ti-cgt-pru-2.3.3/ti-cgt-pru_2.3.3/lib/src/stlport/iomanip
Unpacking /mnt/smpusdk-yocto-build/build/yocto-build_am62xx-lp-evm-rt/build/arago-tmp-default-glibc/work/x86_64-nativesdk-arago-linux/nativesdk-ti-cgt-pru/2.3.3/ti-cgt-pru-2.3.3/ti-cgt-pru_2.3.3/lib/src/stlport/stdio_streambuf.h
Unpacking /mnt/smpusdk-yocto-build/build/yocto-build_am62xx-lp-evm-rt/build/arago-tmp-default-glibc/work/x86_64-nativesdk-arago-linux/nativesdk-ti-cgt-pru/2.3.3/ti-cgt-pru-2.3.3/ti-cgt-pru_2.3.3/lib/src/stlport/num_put.cpp
Unpacking /mnt/smpusdk-yocto-build/build/yocto-build_am62xx-lp-evm-rt/build/arago-tmp-default-glibc/work/x86_64-nativesdk-arago-linux/nativesdk-ti-cgt-pru/2.3.3/ti-cgt-pru-2.3.3/ti-cgt-pru_2.3.3/lib/src/stlport/s__tempbuf.h
Unpacking /mnt/smpusdk-yocto-build/build/yocto-build_am62xx-lp-evm-rt/build/arago-tmp-default-glibc/work/x86_64-nativesdk-arago-linux/nativesdk-ti-cgt-pru/2.3.3/ti-cgt-pru-2.3.3/ti-cgt-pru_2.3.3/lib/src/stlport/locale
Unpacking /mnt/smpusdk-yocto-build/build/yocto-build_am62xx-lp-evm-rt/build/arago-tmp-default-glibc/work/x86_64-nativesdk-arago-linux/nativesdk-ti-cgt-pru/2.3.3/ti-cgt-pru-2.3.3/ti-cgt-pru_2.3.3/lib/src/stlport/s__relops_cont.h
Unpacking /mnt/smpusdk-yocto-build/build/yocto-build_am62xx-lp-evm-rt/build/arago-tmp-default-glibc/work/x86_64-nativesdk-arago-linux/nativesdk-ti-cgt-pru/2.3.3/ti-cgt-pru-2.3.3/ti-cgt-pru_2.3.3/lib/src/stlport/s__iomanip.h
Unpacking /mnt/smpusdk-yocto-build/build/yocto-build_am62xx-lp-evm-rt/build/arago-tmp-default-glibc/work/x86_64-nativesdk-arago-linux/nativesdk-ti-cgt-pru/2.3.3/ti-cgt-pru-2.3.3/ti-cgt-pru_2.3.3/lib/src/stlport/s_p__list.h
Unpacking /mnt/smpusdk-yocto-build/build/yocto-build_am62xx-lp-evm-rt/build/arago-tmp-default-glibc/work/x86_64-nativesdk-arago-linux/nativesdk-ti-cgt-pru/2.3.3/ti-cgt-pru-2.3.3/ti-cgt-pru_2.3.3/lib/src/stlport/stack
Unpacking /mnt/smpusdk-yocto-build/build/yocto-build_am62xx-lp-evm-rt/build/arago-tmp-default-glibc/work/x86_64-nativesdk-arago-linux/nativesdk-ti-cgt-pru/2.3.3/ti-cgt-pru-2.3.3/ti-cgt-pru_2.3.3/lib/src/stlport/type_traits
Unpacking /mnt/smpusdk-yocto-build/build/yocto-build_am62xx-lp-evm-rt/build/arago-tmp-default-glibc/work/x86_64-nativesdk-arago-linux/nativesdk-ti-cgt-pru/2.3.3/ti-cgt-pru-2.3.3/ti-cgt-pru_2.3.3/lib/src/stlport/clocale
Unpacking /mnt/smpusdk-yocto-build/build/yocto-build_am62xx-lp-evm-rt/build/arago-tmp-default-glibc/work/x86_64-nativesdk-arago-linux/nativesdk-ti-cgt-pru/2.3.3/ti-cgt-pru-2.3.3/ti-cgt-pru_2.3.3/lib/src/stlport/string
Unpacking /mnt/smpusdk-yocto-build/build/yocto-build_am62xx-lp-evm-rt/build/arago-tmp-default-glibc/work/x86_64-nativesdk-arago-linux/nativesdk-ti-cgt-pru/2.3.3/ti-cgt-pru-2.3.3/ti-cgt-pru_2.3.3/lib/src/stlport/cerrno
Unpacking /mnt/smpusdk-yocto-build/build/yocto-build_am62xx-lp-evm-rt/build/arago-tmp-default-glibc/work/x86_64-nativesdk-arago-linux/nativesdk-ti-cgt-pru/2.3.3/ti-cgt-pru-2.3.3/ti-cgt-pru_2.3.3/lib/src/stlport/s__algo.h
Unpacking /mnt/smpusdk-yocto-build/build/yocto-build_am62xx-lp-evm-rt/build/arago-tmp-default-glibc/work/x86_64-nativesdk-arago-linux/nativesdk-ti-cgt-pru/2.3.3/ti-cgt-pru-2.3.3/ti-cgt-pru_2.3.3/lib/src/stlport/s__stlport_version.h
Unpacking /mnt/smpusdk-yocto-build/build/yocto-build_am62xx-lp-evm-rt/build/arago-tmp-default-glibc/work/x86_64-nativesdk-arago-linux/nativesdk-ti-cgt-pru/2.3.3/ti-cgt-pru-2.3.3/ti-cgt-pru_2.3.3/lib/src/stlport/allocators.cpp
Unpacking /mnt/smpusdk-yocto-build/build/yocto-build_am62xx-lp-evm-rt/build/arago-tmp-default-glibc/work/x86_64-nativesdk-arago-linux/nativesdk-ti-cgt-pru/2.3.3/ti-cgt-pru-2.3.3/ti-cgt-pru_2.3.3/lib/src/stlport/s__cstddef.h
Unpacking /mnt/smpusdk-yocto-build/build/yocto-build_am62xx-lp-evm-rt/build/arago-tmp-default-glibc/work/x86_64-nativesdk-arago-linux/nativesdk-ti-cgt-pru/2.3.3/ti-cgt-pru-2.3.3/ti-cgt-pru_2.3.3/lib/src/stlport/s__istream.h
Unpacking /mnt/smpusdk-yocto-build/build/yocto-build_am62xx-lp-evm-rt/build/arago-tmp-default-glibc/work/x86_64-nativesdk-arago-linux/nativesdk-ti-cgt-pru/2.3.3/ti-cgt-pru-2.3.3/ti-cgt-pru_2.3.3/lib/src/stlport/s__relops_hash_cont.h
Unpacking /mnt/smpusdk-yocto-build/build/yocto-build_am62xx-lp-evm-rt/build/arago-tmp-default-glibc/work/x86_64-nativesdk-arago-linux/nativesdk-ti-cgt-pru/2.3.3/ti-cgt-pru-2.3.3/ti-cgt-pru_2.3.3/lib/src/stlport/s__messages_facets.h
Unpacking /mnt/smpusdk-yocto-build/build/yocto-build_am62xx-lp-evm-rt/build/arago-tmp-default-glibc/work/x86_64-nativesdk-arago-linux/nativesdk-ti-cgt-pru/2.3.3/ti-cgt-pru-2.3.3/ti-cgt-pru_2.3.3/lib/src/stlport/s__numeric.h
Unpacking /mnt/smpusdk-yocto-build/build/yocto-build_am62xx-lp-evm-rt/build/arago-tmp-default-glibc/work/x86_64-nativesdk-arago-linux/nativesdk-ti-cgt-pru/2.3.3/ti-cgt-pru-2.3.3/ti-cgt-pru_2.3.3/lib/src/stlport/s_c__prolog.h
Unpacking /mnt/smpusdk-yocto-build/build/yocto-build_am62xx-lp-evm-rt/build/arago-tmp-default-glibc/work/x86_64-nativesdk-arago-linux/nativesdk-ti-cgt-pru/2.3.3/ti-cgt-pru-2.3.3/ti-cgt-pru_2.3.3/lib/src/stlport/string.cpp
Unpacking /mnt/smpusdk-yocto-build/build/yocto-build_am62xx-lp-evm-rt/build/arago-tmp-default-glibc/work/x86_64-nativesdk-arago-linux/nativesdk-ti-cgt-pru/2.3.3/ti-cgt-pru-2.3.3/ti-cgt-pru_2.3.3/lib/src/stlport/utility
Unpacking /mnt/smpusdk-yocto-build/build/yocto-build_am62xx-lp-evm-rt/build/arago-tmp-default-glibc/work/x86_64-nativesdk-arago-linux/nativesdk-ti-cgt-pru/2.3.3/ti-cgt-pru-2.3.3/ti-cgt-pru_2.3.3/lib/src/stlport/s__range_errors.c
Unpacking /mnt/smpusdk-yocto-build/build/yocto-build_am62xx-lp-evm-rt/build/arago-tmp-default-glibc/work/x86_64-nativesdk-arago-linux/nativesdk-ti-cgt-pru/2.3.3/ti-cgt-pru-2.3.3/ti-cgt-pru_2.3.3/lib/src/stlport/s__istreambuf_iterator.h
Unpacking /mnt/smpusdk-yocto-build/build/yocto-build_am62xx-lp-evm-rt/build/arago-tmp-default-glibc/work/x86_64-nativesdk-arago-linux/nativesdk-ti-cgt-pru/2.3.3/ti-cgt-pru-2.3.3/ti-cgt-pru_2.3.3/lib/src/stlport/s_p__slist.h
Unpacking /mnt/smpusdk-yocto-build/build/yocto-build_am62xx-lp-evm-rt/build/arago-tmp-default-glibc/work/x86_64-nativesdk-arago-linux/nativesdk-ti-cgt-pru/2.3.3/ti-cgt-pru-2.3.3/ti-cgt-pru_2.3.3/lib/src/stlport/_ctype.cpp
Unpacking /mnt/smpusdk-yocto-build/build/yocto-build_am62xx-lp-evm-rt/build/arago-tmp-default-glibc/work/x86_64-nativesdk-arago-linux/nativesdk-ti-cgt-pru/2.3.3/ti-cgt-pru-2.3.3/ti-cgt-pru_2.3.3/lib/src/stlport/s__string_sum_methods.h
Unpacking /mnt/smpusdk-yocto-build/build/yocto-build_am62xx-lp-evm-rt/build/arago-tmp-default-glibc/work/x86_64-nativesdk-arago-linux/nativesdk-ti-cgt-pru/2.3.3/ti-cgt-pru-2.3.3/ti-cgt-pru_2.3.3/lib/src/stlport/s__istream.c
Unpacking /mnt/smpusdk-yocto-build/build/yocto-build_am62xx-lp-evm-rt/build/arago-tmp-default-glibc/work/x86_64-nativesdk-arago-linux/nativesdk-ti-cgt-pru/2.3.3/ti-cgt-pru-2.3.3/ti-cgt-pru_2.3.3/lib/src/stlport/s__string_io.h
Unpacking /mnt/smpusdk-yocto-build/build/yocto-build_am62xx-lp-evm-rt/build/arago-tmp-default-glibc/work/x86_64-nativesdk-arago-linux/nativesdk-ti-cgt-pru/2.3.3/ti-cgt-pru-2.3.3/ti-cgt-pru_2.3.3/lib/src/stlport/s__string_fwd.h
Unpacking /mnt/smpusdk-yocto-build/build/yocto-build_am62xx-lp-evm-rt/build/arago-tmp-default-glibc/work/x86_64-nativesdk-arago-linux/nativesdk-ti-cgt-pru/2.3.3/ti-cgt-pru-2.3.3/ti-cgt-pru_2.3.3/lib/src/stlport/s__ioserr.h
Unpacking /mnt/smpusdk-yocto-build/build/yocto-build_am62xx-lp-evm-rt/build/arago-tmp-default-glibc/work/x86_64-nativesdk-arago-linux/nativesdk-ti-cgt-pru/2.3.3/ti-cgt-pru-2.3.3/ti-cgt-pru_2.3.3/lib/src/stlport/new
Unpacking /mnt/smpusdk-yocto-build/build/yocto-build_am62xx-lp-evm-rt/build/arago-tmp-default-glibc/work/x86_64-nativesdk-arago-linux/nativesdk-ti-cgt-pru/2.3.3/ti-cgt-pru-2.3.3/ti-cgt-pru_2.3.3/lib/src/stlport/s_c__ti.h
Unpacking /mnt/smpusdk-yocto-build/build/yocto-build_am62xx-lp-evm-rt/build/arago-tmp-default-glibc/work/x86_64-nativesdk-arago-linux/nativesdk-ti-cgt-pru/2.3.3/ti-cgt-pru-2.3.3/ti-cgt-pru_2.3.3/lib/src/stlport/iostream
Unpacking /mnt/smpusdk-yocto-build/build/yocto-build_am62xx-lp-evm-rt/build/arago-tmp-default-glibc/work/x86_64-nativesdk-arago-linux/nativesdk-ti-cgt-pru/2.3.3/ti-cgt-pru-2.3.3/ti-cgt-pru_2.3.3/lib/src/stlport/csetjmp
Unpacking /mnt/smpusdk-yocto-build/build/yocto-build_am62xx-lp-evm-rt/build/arago-tmp-default-glibc/work/x86_64-nativesdk-arago-linux/nativesdk-ti-cgt-pru/2.3.3/ti-cgt-pru-2.3.3/ti-cgt-pru_2.3.3/lib/src/stlport/s__string.c
Unpacking /mnt/smpusdk-yocto-build/build/yocto-build_am62xx-lp-evm-rt/build/arago-tmp-default-glibc/work/x86_64-nativesdk-arago-linux/nativesdk-ti-cgt-pru/2.3.3/ti-cgt-pru-2.3.3/ti-cgt-pru_2.3.3/lib/src/stlport/exception
Unpacking /mnt/smpusdk-yocto-build/build/yocto-build_am62xx-lp-evm-rt/build/arago-tmp-default-glibc/work/x86_64-nativesdk-arago-linux/nativesdk-ti-cgt-pru/2.3.3/ti-cgt-pru-2.3.3/ti-cgt-pru_2.3.3/lib/src/stlport/s_char_traits.h
Unpacking /mnt/smpusdk-yocto-build/build/yocto-build_am62xx-lp-evm-rt/build/arago-tmp-default-glibc/work/x86_64-nativesdk-arago-linux/nativesdk-ti-cgt-pru/2.3.3/ti-cgt-pru-2.3.3/ti-cgt-pru_2.3.3/lib/src/stlport/s__tree.c
Unpacking /mnt/smpusdk-yocto-build/build/yocto-build_am62xx-lp-evm-rt/build/arago-tmp-default-glibc/work/x86_64-nativesdk-arago-linux/nativesdk-ti-cgt-pru/2.3.3/ti-cgt-pru-2.3.3/ti-cgt-pru_2.3.3/lib/src/stlport/hash_set
Unpacking /mnt/smpusdk-yocto-build/build/yocto-build_am62xx-lp-evm-rt/build/arago-tmp-default-glibc/work/x86_64-nativesdk-arago-linux/nativesdk-ti-cgt-pru/2.3.3/ti-cgt-pru-2.3.3/ti-cgt-pru_2.3.3/lib/src/stlport/strstream
Unpacking /mnt/smpusdk-yocto-build/build/yocto-build_am62xx-lp-evm-rt/build/arago-tmp-default-glibc/work/x86_64-nativesdk-arago-linux/nativesdk-ti-cgt-pru/2.3.3/ti-cgt-pru-2.3.3/ti-cgt-pru_2.3.3/lib/src/stlport/ios
Unpacking /mnt/smpusdk-yocto-build/build/yocto-build_am62xx-lp-evm-rt/build/arago-tmp-default-glibc/work/x86_64-nativesdk-arago-linux/nativesdk-ti-cgt-pru/2.3.3/ti-cgt-pru-2.3.3/ti-cgt-pru_2.3.3/lib/src/stlport/s__rope.c
Unpacking /mnt/smpusdk-yocto-build/build/yocto-build_am62xx-lp-evm-rt/build/arago-tmp-default-glibc/work/x86_64-nativesdk-arago-linux/nativesdk-ti-cgt-pru/2.3.3/ti-cgt-pru-2.3.3/ti-cgt-pru_2.3.3/lib/src/stlport/aligned_buffer.h
Unpacking /mnt/smpusdk-yocto-build/build/yocto-build_am62xx-lp-evm-rt/build/arago-tmp-default-glibc/work/x86_64-nativesdk-arago-linux/nativesdk-ti-cgt-pru/2.3.3/ti-cgt-pru-2.3.3/ti-cgt-pru_2.3.3/lib/src/stlport/s__hash_map.h
Unpacking /mnt/smpusdk-yocto-build/build/yocto-build_am62xx-lp-evm-rt/build/arago-tmp-default-glibc/work/x86_64-nativesdk-arago-linux/nativesdk-ti-cgt-pru/2.3.3/ti-cgt-pru-2.3.3/ti-cgt-pru_2.3.3/lib/src/stlport/functional
Unpacking /mnt/smpusdk-yocto-build/build/yocto-build_am62xx-lp-evm-rt/build/arago-tmp-default-glibc/work/x86_64-nativesdk-arago-linux/nativesdk-ti-cgt-pru/2.3.3/ti-cgt-pru-2.3.3/ti-cgt-pru_2.3.3/lib/src/stlport/s__alloc.c
Unpacking /mnt/smpusdk-yocto-build/build/yocto-build_am62xx-lp-evm-rt/build/arago-tmp-default-glibc/work/x86_64-nativesdk-arago-linux/nativesdk-ti-cgt-pru/2.3.3/ti-cgt-pru-2.3.3/ti-cgt-pru_2.3.3/lib/src/stlport/climits
Unpacking /mnt/smpusdk-yocto-build/build/yocto-build_am62xx-lp-evm-rt/build/arago-tmp-default-glibc/work/x86_64-nativesdk-arago-linux/nativesdk-ti-cgt-pru/2.3.3/ti-cgt-pru-2.3.3/ti-cgt-pru_2.3.3/lib/src/stlport/set
Unpacking /mnt/smpusdk-yocto-build/build/yocto-build_am62xx-lp-evm-rt/build/arago-tmp-default-glibc/work/x86_64-nativesdk-arago-linux/nativesdk-ti-cgt-pru/2.3.3/ti-cgt-pru-2.3.3/ti-cgt-pru_2.3.3/lib/src/stlport/s_c_compat.h
Unpacking /mnt/smpusdk-yocto-build/build/yocto-build_am62xx-lp-evm-rt/build/arago-tmp-default-glibc/work/x86_64-nativesdk-arago-linux/nativesdk-ti-cgt-pru/2.3.3/ti-cgt-pru-2.3.3/ti-cgt-pru_2.3.3/lib/src/stlport/s__stack.h
Unpacking /mnt/smpusdk-yocto-build/build/yocto-build_am62xx-lp-evm-rt/build/arago-tmp-default-glibc/work/x86_64-nativesdk-arago-linux/nativesdk-ti-cgt-pru/2.3.3/ti-cgt-pru-2.3.3/ti-cgt-pru_2.3.3/lib/src/stlport/s_type_traits.h
Unpacking /mnt/smpusdk-yocto-build/build/yocto-build_am62xx-lp-evm-rt/build/arago-tmp-default-glibc/work/x86_64-nativesdk-arago-linux/nativesdk-ti-cgt-pru/2.3.3/ti-cgt-pru-2.3.3/ti-cgt-pru_2.3.3/lib/src/stlport/lock_free_slist.h
Unpacking /mnt/smpusdk-yocto-build/build/yocto-build_am62xx-lp-evm-rt/build/arago-tmp-default-glibc/work/x86_64-nativesdk-arago-linux/nativesdk-ti-cgt-pru/2.3.3/ti-cgt-pru-2.3.3/ti-cgt-pru_2.3.3/lib/src/stlport/s__stdexcept_base.c
Unpacking /mnt/smpusdk-yocto-build/build/yocto-build_am62xx-lp-evm-rt/build/arago-tmp-default-glibc/work/x86_64-nativesdk-arago-linux/nativesdk-ti-cgt-pru/2.3.3/ti-cgt-pru-2.3.3/ti-cgt-pru_2.3.3/lib/src/stlport/s__deque.c
Unpacking /mnt/smpusdk-yocto-build/build/yocto-build_am62xx-lp-evm-rt/build/arago-tmp-default-glibc/work/x86_64-nativesdk-arago-linux/nativesdk-ti-cgt-pru/2.3.3/ti-cgt-pru-2.3.3/ti-cgt-pru_2.3.3/lib/src/stlport/s_p__vector.h
Unpacking /mnt/smpusdk-yocto-build/build/yocto-build_am62xx-lp-evm-rt/build/arago-tmp-default-glibc/work/x86_64-nativesdk-arago-linux/nativesdk-ti-cgt-pru/2.3.3/ti-cgt-pru-2.3.3/ti-cgt-pru_2.3.3/lib/src/stlport/s__streambuf.c
Unpacking /mnt/smpusdk-yocto-build/build/yocto-build_am62xx-lp-evm-rt/build/arago-tmp-default-glibc/work/x86_64-nativesdk-arago-linux/nativesdk-ti-cgt-pru/2.3.3/ti-cgt-pru-2.3.3/ti-cgt-pru_2.3.3/lib/src/stlport/s__threads.h
Unpacking /mnt/smpusdk-yocto-build/build/yocto-build_am62xx-lp-evm-rt/build/arago-tmp-default-glibc/work/x86_64-nativesdk-arago-linux/nativesdk-ti-cgt-pru/2.3.3/ti-cgt-pru-2.3.3/ti-cgt-pru_2.3.3/lib/src/stlport/streambuf
Unpacking /mnt/smpusdk-yocto-build/build/yocto-build_am62xx-lp-evm-rt/build/arago-tmp-default-glibc/work/x86_64-nativesdk-arago-linux/nativesdk-ti-cgt-pru/2.3.3/ti-cgt-pru-2.3.3/ti-cgt-pru_2.3.3/lib/src/stlport/vector
Unpacking /mnt/smpusdk-yocto-build/build/yocto-build_am62xx-lp-evm-rt/build/arago-tmp-default-glibc/work/x86_64-nativesdk-arago-linux/nativesdk-ti-cgt-pru/2.3.3/ti-cgt-pru-2.3.3/ti-cgt-pru_2.3.3/lib/src/stlport/s__hash_fun.h
Unpacking /mnt/smpusdk-yocto-build/build/yocto-build_am62xx-lp-evm-rt/build/arago-tmp-default-glibc/work/x86_64-nativesdk-arago-linux/nativesdk-ti-cgt-pru/2.3.3/ti-cgt-pru-2.3.3/ti-cgt-pru_2.3.3/lib/src/stlport/s__set.h
Unpacking /mnt/smpusdk-yocto-build/build/yocto-build_am62xx-lp-evm-rt/build/arago-tmp-default-glibc/work/x86_64-nativesdk-arago-linux/nativesdk-ti-cgt-pru/2.3.3/ti-cgt-pru-2.3.3/ti-cgt-pru_2.3.3/lib/src/stlport/complex_trig.cpp
Unpacking /mnt/smpusdk-yocto-build/build/yocto-build_am62xx-lp-evm-rt/build/arago-tmp-default-glibc/work/x86_64-nativesdk-arago-linux/nativesdk-ti-cgt-pru/2.3.3/ti-cgt-pru-2.3.3/ti-cgt-pru_2.3.3/lib/src/stlport/s__iostream_string.h
Unpacking /mnt/smpusdk-yocto-build/build/yocto-build_am62xx-lp-evm-rt/build/arago-tmp-default-glibc/work/x86_64-nativesdk-arago-linux/nativesdk-ti-cgt-pru/2.3.3/ti-cgt-pru-2.3.3/ti-cgt-pru_2.3.3/lib/src/stlport/s__string_base.h
Unpacking /mnt/smpusdk-yocto-build/build/yocto-build_am62xx-lp-evm-rt/build/arago-tmp-default-glibc/work/x86_64-nativesdk-arago-linux/nativesdk-ti-cgt-pru/2.3.3/ti-cgt-pru-2.3.3/ti-cgt-pru_2.3.3/lib/src/stlport/rope
Unpacking /mnt/smpusdk-yocto-build/build/yocto-build_am62xx-lp-evm-rt/build/arago-tmp-default-glibc/work/x86_64-nativesdk-arago-linux/nativesdk-ti-cgt-pru/2.3.3/ti-cgt-pru-2.3.3/ti-cgt-pru_2.3.3/lib/src/stlport/s__string_sum.h
Unpacking /mnt/smpusdk-yocto-build/build/yocto-build_am62xx-lp-evm-rt/build/arago-tmp-default-glibc/work/x86_64-nativesdk-arago-linux/nativesdk-ti-cgt-pru/2.3.3/ti-cgt-pru-2.3.3/ti-cgt-pru_2.3.3/lib/src/stlport/ostream.cpp
Unpacking /mnt/smpusdk-yocto-build/build/yocto-build_am62xx-lp-evm-rt/build/arago-tmp-default-glibc/work/x86_64-nativesdk-arago-linux/nativesdk-ti-cgt-pru/2.3.3/ti-cgt-pru-2.3.3/ti-cgt-pru_2.3.3/lib/src/stlport/c_locale.h
Unpacking /mnt/smpusdk-yocto-build/build/yocto-build_am62xx-lp-evm-rt/build/arago-tmp-default-glibc/work/x86_64-nativesdk-arago-linux/nativesdk-ti-cgt-pru/2.3.3/ti-cgt-pru-2.3.3/ti-cgt-pru_2.3.3/lib/src/stlport/sstream
Unpacking /mnt/smpusdk-yocto-build/build/yocto-build_am62xx-lp-evm-rt/build/arago-tmp-default-glibc/work/x86_64-nativesdk-arago-linux/nativesdk-ti-cgt-pru/2.3.3/ti-cgt-pru-2.3.3/ti-cgt-pru_2.3.3/lib/src/stlport/s__string.h
Unpacking /mnt/smpusdk-yocto-build/build/yocto-build_am62xx-lp-evm-rt/build/arago-tmp-default-glibc/work/x86_64-nativesdk-arago-linux/nativesdk-ti-cgt-pru/2.3.3/ti-cgt-pru-2.3.3/ti-cgt-pru_2.3.3/lib/src/stlport/s_boost_type_traits.h
Unpacking /mnt/smpusdk-yocto-build/build/yocto-build_am62xx-lp-evm-rt/build/arago-tmp-default-glibc/work/x86_64-nativesdk-arago-linux/nativesdk-ti-cgt-pru/2.3.3/ti-cgt-pru-2.3.3/ti-cgt-pru_2.3.3/lib/src/stlport/s__cctype.h
Unpacking /mnt/smpusdk-yocto-build/build/yocto-build_am62xx-lp-evm-rt/build/arago-tmp-default-glibc/work/x86_64-nativesdk-arago-linux/nativesdk-ti-cgt-pru/2.3.3/ti-cgt-pru-2.3.3/ti-cgt-pru_2.3.3/lib/src/stlport/cwctype
Unpacking /mnt/smpusdk-yocto-build/build/yocto-build_am62xx-lp-evm-rt/build/arago-tmp-default-glibc/work/x86_64-nativesdk-arago-linux/nativesdk-ti-cgt-pru/2.3.3/ti-cgt-pru-2.3.3/ti-cgt-pru_2.3.3/lib/src/stlport/pthread_alloc
Unpacking /mnt/smpusdk-yocto-build/build/yocto-build_am62xx-lp-evm-rt/build/arago-tmp-default-glibc/work/x86_64-nativesdk-arago-linux/nativesdk-ti-cgt-pru/2.3.3/ti-cgt-pru-2.3.3/ti-cgt-pru_2.3.3/lib/src/stlport/s__stdexcept_base.h
Unpacking /mnt/smpusdk-yocto-build/build/yocto-build_am62xx-lp-evm-rt/build/arago-tmp-default-glibc/work/x86_64-nativesdk-arago-linux/nativesdk-ti-cgt-pru/2.3.3/ti-cgt-pru-2.3.3/ti-cgt-pru_2.3.3/lib/src/stlport/s__new.h
Unpacking /mnt/smpusdk-yocto-build/build/yocto-build_am62xx-lp-evm-rt/build/arago-tmp-default-glibc/work/x86_64-nativesdk-arago-linux/nativesdk-ti-cgt-pru/2.3.3/ti-cgt-pru-2.3.3/ti-cgt-pru_2.3.3/lib/src/stlport/istream
Unpacking /mnt/smpusdk-yocto-build/build/yocto-build_am62xx-lp-evm-rt/build/arago-tmp-default-glibc/work/x86_64-nativesdk-arago-linux/nativesdk-ti-cgt-pru/2.3.3/ti-cgt-pru-2.3.3/ti-cgt-pru_2.3.3/lib/src/stlport/s__bitset.c
Unpacking /mnt/smpusdk-yocto-build/build/yocto-build_am62xx-lp-evm-rt/build/arago-tmp-default-glibc/work/x86_64-nativesdk-arago-linux/nativesdk-ti-cgt-pru/2.3.3/ti-cgt-pru-2.3.3/ti-cgt-pru_2.3.3/lib/src/stlport/s__limits.h
Unpacking /mnt/smpusdk-yocto-build/build/yocto-build_am62xx-lp-evm-rt/build/arago-tmp-default-glibc/work/x86_64-nativesdk-arago-linux/nativesdk-ti-cgt-pru/2.3.3/ti-cgt-pru-2.3.3/ti-cgt-pru_2.3.3/lib/src/stlport/s_p__tools.h
Unpacking /mnt/smpusdk-yocto-build/build/yocto-build_am62xx-lp-evm-rt/build/arago-tmp-default-glibc/work/x86_64-nativesdk-arago-linux/nativesdk-ti-cgt-pru/2.3.3/ti-cgt-pru-2.3.3/ti-cgt-pru_2.3.3/lib/src/stlport/cwchar
Unpacking /mnt/smpusdk-yocto-build/build/yocto-build_am62xx-lp-evm-rt/build/arago-tmp-default-glibc/work/x86_64-nativesdk-arago-linux/nativesdk-ti-cgt-pru/2.3.3/ti-cgt-pru-2.3.3/ti-cgt-pru_2.3.3/lib/src/stlport/s__cwctype.h
Unpacking /mnt/smpusdk-yocto-build/build/yocto-build_am62xx-lp-evm-rt/build/arago-tmp-default-glibc/work/x86_64-nativesdk-arago-linux/nativesdk-ti-cgt-pru/2.3.3/ti-cgt-pru-2.3.3/ti-cgt-pru_2.3.3/lib/src/stlport/facets_byname.cpp
Unpacking /mnt/smpusdk-yocto-build/build/yocto-build_am62xx-lp-evm-rt/build/arago-tmp-default-glibc/work/x86_64-nativesdk-arago-linux/nativesdk-ti-cgt-pru/2.3.3/ti-cgt-pru-2.3.3/ti-cgt-pru_2.3.3/lib/src/stlport/s_d__debug.h
Unpacking /mnt/smpusdk-yocto-build/build/yocto-build_am62xx-lp-evm-rt/build/arago-tmp-default-glibc/work/x86_64-nativesdk-arago-linux/nativesdk-ti-cgt-pru/2.3.3/ti-cgt-pru-2.3.3/ti-cgt-pru_2.3.3/lib/src/stlport/c_locale_dummy.c
Unpacking /mnt/smpusdk-yocto-build/build/yocto-build_am62xx-lp-evm-rt/build/arago-tmp-default-glibc/work/x86_64-nativesdk-arago-linux/nativesdk-ti-cgt-pru/2.3.3/ti-cgt-pru-2.3.3/ti-cgt-pru_2.3.3/lib/src/stlport/s__function_base.h
Unpacking /mnt/smpusdk-yocto-build/build/yocto-build_am62xx-lp-evm-rt/build/arago-tmp-default-glibc/work/x86_64-nativesdk-arago-linux/nativesdk-ti-cgt-pru/2.3.3/ti-cgt-pru-2.3.3/ti-cgt-pru_2.3.3/lib/src/stlport/bitset.cpp
Unpacking /mnt/smpusdk-yocto-build/build/yocto-build_am62xx-lp-evm-rt/build/arago-tmp-default-glibc/work/x86_64-nativesdk-arago-linux/nativesdk-ti-cgt-pru/2.3.3/ti-cgt-pru-2.3.3/ti-cgt-pru_2.3.3/lib/src/stlport/s__tree.h
Unpacking /mnt/smpusdk-yocto-build/build/yocto-build_am62xx-lp-evm-rt/build/arago-tmp-default-glibc/work/x86_64-nativesdk-arago-linux/nativesdk-ti-cgt-pru/2.3.3/ti-cgt-pru-2.3.3/ti-cgt-pru_2.3.3/lib/src/stlport/s__hashtable.c
Unpacking /mnt/smpusdk-yocto-build/build/yocto-build_am62xx-lp-evm-rt/build/arago-tmp-default-glibc/work/x86_64-nativesdk-arago-linux/nativesdk-ti-cgt-pru/2.3.3/ti-cgt-pru-2.3.3/ti-cgt-pru_2.3.3/lib/src/stlport/s__pthread_alloc.h
Unpacking /mnt/smpusdk-yocto-build/build/yocto-build_am62xx-lp-evm-rt/build/arago-tmp-default-glibc/work/x86_64-nativesdk-arago-linux/nativesdk-ti-cgt-pru/2.3.3/ti-cgt-pru-2.3.3/ti-cgt-pru_2.3.3/lib/src/stlport/memory
Unpacking /mnt/smpusdk-yocto-build/build/yocto-build_am62xx-lp-evm-rt/build/arago-tmp-default-glibc/work/x86_64-nativesdk-arago-linux/nativesdk-ti-cgt-pru/2.3.3/ti-cgt-pru-2.3.3/ti-cgt-pru_2.3.3/lib/src/stlport/istream.cpp
Unpacking /mnt/smpusdk-yocto-build/build/yocto-build_am62xx-lp-evm-rt/build/arago-tmp-default-glibc/work/x86_64-nativesdk-arago-linux/nativesdk-ti-cgt-pru/2.3.3/ti-cgt-pru-2.3.3/ti-cgt-pru_2.3.3/lib/src/stlport/s__alloc.h
Unpacking /mnt/smpusdk-yocto-build/build/yocto-build_am62xx-lp-evm-rt/build/arago-tmp-default-glibc/work/x86_64-nativesdk-arago-linux/nativesdk-ti-cgt-pru/2.3.3/ti-cgt-pru-2.3.3/ti-cgt-pru_2.3.3/lib/src/stlport/s__ostream.c
Unpacking /mnt/smpusdk-yocto-build/build/yocto-build_am62xx-lp-evm-rt/build/arago-tmp-default-glibc/work/x86_64-nativesdk-arago-linux/nativesdk-ti-cgt-pru/2.3.3/ti-cgt-pru-2.3.3/ti-cgt-pru_2.3.3/lib/src/stlport/cassert
Unpacking /mnt/smpusdk-yocto-build/build/yocto-build_am62xx-lp-evm-rt/build/arago-tmp-default-glibc/work/x86_64-nativesdk-arago-linux/nativesdk-ti-cgt-pru/2.3.3/ti-cgt-pru-2.3.3/ti-cgt-pru_2.3.3/lib/src/stlport/cstdlib
Unpacking /mnt/smpusdk-yocto-build/build/yocto-build_am62xx-lp-evm-rt/build/arago-tmp-default-glibc/work/x86_64-nativesdk-arago-linux/nativesdk-ti-cgt-pru/2.3.3/ti-cgt-pru-2.3.3/ti-cgt-pru_2.3.3/lib/src/stlport/cfloat
Unpacking /mnt/smpusdk-yocto-build/build/yocto-build_am62xx-lp-evm-rt/build/arago-tmp-default-glibc/work/x86_64-nativesdk-arago-linux/nativesdk-ti-cgt-pru/2.3.3/ti-cgt-pru-2.3.3/ti-cgt-pru_2.3.3/lib/src/stlport/s__numpunct.h
Unpacking /mnt/smpusdk-yocto-build/build/yocto-build_am62xx-lp-evm-rt/build/arago-tmp-default-glibc/work/x86_64-nativesdk-arago-linux/nativesdk-ti-cgt-pru/2.3.3/ti-cgt-pru-2.3.3/ti-cgt-pru_2.3.3/lib/src/stlport/s__threads.c
Unpacking /mnt/smpusdk-yocto-build/build/yocto-build_am62xx-lp-evm-rt/build/arago-tmp-default-glibc/work/x86_64-nativesdk-arago-linux/nativesdk-ti-cgt-pru/2.3.3/ti-cgt-pru-2.3.3/ti-cgt-pru_2.3.3/lib/src/stlport/s__iterator.h
Unpacking /mnt/smpusdk-yocto-build/build/yocto-build_am62xx-lp-evm-rt/build/arago-tmp-default-glibc/work/x86_64-nativesdk-arago-linux/nativesdk-ti-cgt-pru/2.3.3/ti-cgt-pru-2.3.3/ti-cgt-pru_2.3.3/lib/src/stlport/s__hash_set.h
Unpacking /mnt/smpusdk-yocto-build/build/yocto-build_am62xx-lp-evm-rt/build/arago-tmp-default-glibc/work/x86_64-nativesdk-arago-linux/nativesdk-ti-cgt-pru/2.3.3/ti-cgt-pru-2.3.3/ti-cgt-pru_2.3.3/lib/src/stlport/s__fstream.c
Unpacking /mnt/smpusdk-yocto-build/build/yocto-build_am62xx-lp-evm-rt/build/arago-tmp-default-glibc/work/x86_64-nativesdk-arago-linux/nativesdk-ti-cgt-pru/2.3.3/ti-cgt-pru-2.3.3/ti-cgt-pru_2.3.3/lib/src/stlport/s__function.h
Unpacking /mnt/smpusdk-yocto-build/build/yocto-build_am62xx-lp-evm-rt/build/arago-tmp-default-glibc/work/x86_64-nativesdk-arago-linux/nativesdk-ti-cgt-pru/2.3.3/ti-cgt-pru-2.3.3/ti-cgt-pru_2.3.3/lib/src/stlport/s__cstdarg.h
Unpacking /mnt/smpusdk-yocto-build/build/yocto-build_am62xx-lp-evm-rt/build/arago-tmp-default-glibc/work/x86_64-nativesdk-arago-linux/nativesdk-ti-cgt-pru/2.3.3/ti-cgt-pru-2.3.3/ti-cgt-pru_2.3.3/lib/src/stlport/s__ctime.h
Unpacking /mnt/smpusdk-yocto-build/build/yocto-build_am62xx-lp-evm-rt/build/arago-tmp-default-glibc/work/x86_64-nativesdk-arago-linux/nativesdk-ti-cgt-pru/2.3.3/ti-cgt-pru-2.3.3/ti-cgt-pru_2.3.3/lib/src/stlport/s_c_locale.h
Unpacking /mnt/smpusdk-yocto-build/build/yocto-build_am62xx-lp-evm-rt/build/arago-tmp-default-glibc/work/x86_64-nativesdk-arago-linux/nativesdk-ti-cgt-pru/2.3.3/ti-cgt-pru-2.3.3/ti-cgt-pru_2.3.3/lib/src/stlport/s__clocale.h
Unpacking /mnt/smpusdk-yocto-build/build/yocto-build_am62xx-lp-evm-rt/build/arago-tmp-default-glibc/work/x86_64-nativesdk-arago-linux/nativesdk-ti-cgt-pru/2.3.3/ti-cgt-pru-2.3.3/ti-cgt-pru_2.3.3/lib/src/stlport/complex_io.cpp
Unpacking /mnt/smpusdk-yocto-build/build/yocto-build_am62xx-lp-evm-rt/build/arago-tmp-default-glibc/work/x86_64-nativesdk-arago-linux/nativesdk-ti-cgt-pru/2.3.3/ti-cgt-pru-2.3.3/ti-cgt-pru_2.3.3/lib/src/stlport/s__range_errors.h
Unpacking /mnt/smpusdk-yocto-build/build/yocto-build_am62xx-lp-evm-rt/build/arago-tmp-default-glibc/work/x86_64-nativesdk-arago-linux/nativesdk-ti-cgt-pru/2.3.3/ti-cgt-pru-2.3.3/ti-cgt-pru_2.3.3/lib/src/stlport/s__ptrs_specialize.h
Unpacking /mnt/smpusdk-yocto-build/build/yocto-build_am62xx-lp-evm-rt/build/arago-tmp-default-glibc/work/x86_64-nativesdk-arago-linux/nativesdk-ti-cgt-pru/2.3.3/ti-cgt-pru-2.3.3/ti-cgt-pru_2.3.3/lib/src/stlport/s__tempbuf.c
Unpacking /mnt/smpusdk-yocto-build/build/yocto-build_am62xx-lp-evm-rt/build/arago-tmp-default-glibc/work/x86_64-nativesdk-arago-linux/nativesdk-ti-cgt-pru/2.3.3/ti-cgt-pru-2.3.3/ti-cgt-pru_2.3.3/lib/src/stlport/s__slist.h
Unpacking /mnt/smpusdk-yocto-build/build/yocto-build_am62xx-lp-evm-rt/build/arago-tmp-default-glibc/work/x86_64-nativesdk-arago-linux/nativesdk-ti-cgt-pru/2.3.3/ti-cgt-pru-2.3.3/ti-cgt-pru_2.3.3/lib/src/stlport/unordered_set
Unpacking /mnt/smpusdk-yocto-build/build/yocto-build_am62xx-lp-evm-rt/build/arago-tmp-default-glibc/work/x86_64-nativesdk-arago-linux/nativesdk-ti-cgt-pru/2.3.3/ti-cgt-pru-2.3.3/ti-cgt-pru_2.3.3/bin/lnkpru
Unpacking /mnt/smpusdk-yocto-build/build/yocto-build_am62xx-lp-evm-rt/build/arago-tmp-default-glibc/work/x86_64-nativesdk-arago-linux/nativesdk-ti-cgt-pru/2.3.3/ti-cgt-pru-2.3.3/ti-cgt-pru_2.3.3/bin/ofdpru
Unpacking /mnt/smpusdk-yocto-build/build/yocto-build_am62xx-lp-evm-rt/build/arago-tmp-default-glibc/work/x86_64-nativesdk-arago-linux/nativesdk-ti-cgt-pru/2.3.3/ti-cgt-pru-2.3.3/ti-cgt-pru_2.3.3/bin/ilkpru
Unpacking /mnt/smpusdk-yocto-build/build/yocto-build_am62xx-lp-evm-rt/build/arago-tmp-default-glibc/work/x86_64-nativesdk-arago-linux/nativesdk-ti-cgt-pru/2.3.3/ti-cgt-pru-2.3.3/ti-cgt-pru_2.3.3/bin/clpru
Unpacking /mnt/smpusdk-yocto-build/build/yocto-build_am62xx-lp-evm-rt/build/arago-tmp-default-glibc/work/x86_64-nativesdk-arago-linux/nativesdk-ti-cgt-pru/2.3.3/ti-cgt-pru-2.3.3/ti-cgt-pru_2.3.3/bin/asmpru
Unpacking /mnt/smpusdk-yocto-build/build/yocto-build_am62xx-lp-evm-rt/build/arago-tmp-default-glibc/work/x86_64-nativesdk-arago-linux/nativesdk-ti-cgt-pru/2.3.3/ti-cgt-pru-2.3.3/ti-cgt-pru_2.3.3/bin/libinfopru
Unpacking /mnt/smpusdk-yocto-build/build/yocto-build_am62xx-lp-evm-rt/build/arago-tmp-default-glibc/work/x86_64-nativesdk-arago-linux/nativesdk-ti-cgt-pru/2.3.3/ti-cgt-pru-2.3.3/ti-cgt-pru_2.3.3/bin/optpru
Unpacking /mnt/smpusdk-yocto-build/build/yocto-build_am62xx-lp-evm-rt/build/arago-tmp-default-glibc/work/x86_64-nativesdk-arago-linux/nativesdk-ti-cgt-pru/2.3.3/ti-cgt-pru-2.3.3/ti-cgt-pru_2.3.3/bin/acpiapru
Unpacking /mnt/smpusdk-yocto-build/build/yocto-build_am62xx-lp-evm-rt/build/arago-tmp-default-glibc/work/x86_64-nativesdk-arago-linux/nativesdk-ti-cgt-pru/2.3.3/ti-cgt-pru-2.3.3/ti-cgt-pru_2.3.3/bin/hexpru
Unpacking /mnt/smpusdk-yocto-build/build/yocto-build_am62xx-lp-evm-rt/build/arago-tmp-default-glibc/work/x86_64-nativesdk-arago-linux/nativesdk-ti-cgt-pru/2.3.3/ti-cgt-pru-2.3.3/ti-cgt-pru_2.3.3/bin/embedpru
Unpacking /mnt/smpusdk-yocto-build/build/yocto-build_am62xx-lp-evm-rt/build/arago-tmp-default-glibc/work/x86_64-nativesdk-arago-linux/nativesdk-ti-cgt-pru/2.3.3/ti-cgt-pru-2.3.3/ti-cgt-pru_2.3.3/bin/abspru
Unpacking /mnt/smpusdk-yocto-build/build/yocto-build_am62xx-lp-evm-rt/build/arago-tmp-default-glibc/work/x86_64-nativesdk-arago-linux/nativesdk-ti-cgt-pru/2.3.3/ti-cgt-pru-2.3.3/ti-cgt-pru_2.3.3/bin/dispru
Unpacking /mnt/smpusdk-yocto-build/build/yocto-build_am62xx-lp-evm-rt/build/arago-tmp-default-glibc/work/x86_64-nativesdk-arago-linux/nativesdk-ti-cgt-pru/2.3.3/ti-cgt-pru-2.3.3/ti-cgt-pru_2.3.3/bin/cgpru
Unpacking /mnt/smpusdk-yocto-build/build/yocto-build_am62xx-lp-evm-rt/build/arago-tmp-default-glibc/work/x86_64-nativesdk-arago-linux/nativesdk-ti-cgt-pru/2.3.3/ti-cgt-pru-2.3.3/ti-cgt-pru_2.3.3/bin/nmpru
Unpacking /mnt/smpusdk-yocto-build/build/yocto-build_am62xx-lp-evm-rt/build/arago-tmp-default-glibc/work/x86_64-nativesdk-arago-linux/nativesdk-ti-cgt-pru/2.3.3/ti-cgt-pru-2.3.3/ti-cgt-pru_2.3.3/bin/clistpru
Unpacking /mnt/smpusdk-yocto-build/build/yocto-build_am62xx-lp-evm-rt/build/arago-tmp-default-glibc/work/x86_64-nativesdk-arago-linux/nativesdk-ti-cgt-pru/2.3.3/ti-cgt-pru-2.3.3/ti-cgt-pru_2.3.3/bin/arpru
Unpacking /mnt/smpusdk-yocto-build/build/yocto-build_am62xx-lp-evm-rt/build/arago-tmp-default-glibc/work/x86_64-nativesdk-arago-linux/nativesdk-ti-cgt-pru/2.3.3/ti-cgt-pru-2.3.3/ti-cgt-pru_2.3.3/bin/dempru
Unpacking /mnt/smpusdk-yocto-build/build/yocto-build_am62xx-lp-evm-rt/build/arago-tmp-default-glibc/work/x86_64-nativesdk-arago-linux/nativesdk-ti-cgt-pru/2.3.3/ti-cgt-pru-2.3.3/ti-cgt-pru_2.3.3/bin/strippru
Unpacking /mnt/smpusdk-yocto-build/build/yocto-build_am62xx-lp-evm-rt/build/arago-tmp-default-glibc/work/x86_64-nativesdk-arago-linux/nativesdk-ti-cgt-pru/2.3.3/ti-cgt-pru-2.3.3/ti-cgt-pru_2.3.3/bin/xrefpru
Unpacking /mnt/smpusdk-yocto-build/build/yocto-build_am62xx-lp-evm-rt/build/arago-tmp-default-glibc/work/x86_64-nativesdk-arago-linux/nativesdk-ti-cgt-pru/2.3.3/ti-cgt-pru-2.3.3/ti-cgt-pru_2.3.3/include/_mutex.h
Unpacking /mnt/smpusdk-yocto-build/build/yocto-build_am62xx-lp-evm-rt/build/arago-tmp-default-glibc/work/x86_64-nativesdk-arago-linux/nativesdk-ti-cgt-pru/2.3.3/ti-cgt-pru-2.3.3/ti-cgt-pru_2.3.3/include/strings.h
Unpacking /mnt/smpusdk-yocto-build/build/yocto-build_am62xx-lp-evm-rt/build/arago-tmp-default-glibc/work/x86_64-nativesdk-arago-linux/nativesdk-ti-cgt-pru/2.3.3/ti-cgt-pru-2.3.3/ti-cgt-pru_2.3.3/include/_isfuncdef.h
Unpacking /mnt/smpusdk-yocto-build/build/yocto-build_am62xx-lp-evm-rt/build/arago-tmp-default-glibc/work/x86_64-nativesdk-arago-linux/nativesdk-ti-cgt-pru/2.3.3/ti-cgt-pru-2.3.3/ti-cgt-pru_2.3.3/include/typeinfo.stdh
Unpacking /mnt/smpusdk-yocto-build/build/yocto-build_am62xx-lp-evm-rt/build/arago-tmp-default-glibc/work/x86_64-nativesdk-arago-linux/nativesdk-ti-cgt-pru/2.3.3/ti-cgt-pru-2.3.3/ti-cgt-pru_2.3.3/include/wctype.h
Unpacking /mnt/smpusdk-yocto-build/build/yocto-build_am62xx-lp-evm-rt/build/arago-tmp-default-glibc/work/x86_64-nativesdk-arago-linux/nativesdk-ti-cgt-pru/2.3.3/ti-cgt-pru-2.3.3/ti-cgt-pru_2.3.3/include/stdio.h
Unpacking /mnt/smpusdk-yocto-build/build/yocto-build_am62xx-lp-evm-rt/build/arago-tmp-default-glibc/work/x86_64-nativesdk-arago-linux/nativesdk-ti-cgt-pru/2.3.3/ti-cgt-pru-2.3.3/ti-cgt-pru_2.3.3/include/stdlib.h
Unpacking /mnt/smpusdk-yocto-build/build/yocto-build_am62xx-lp-evm-rt/build/arago-tmp-default-glibc/work/x86_64-nativesdk-arago-linux/nativesdk-ti-cgt-pru/2.3.3/ti-cgt-pru-2.3.3/ti-cgt-pru_2.3.3/include/complex
Unpacking /mnt/smpusdk-yocto-build/build/yocto-build_am62xx-lp-evm-rt/build/arago-tmp-default-glibc/work/x86_64-nativesdk-arago-linux/nativesdk-ti-cgt-pru/2.3.3/ti-cgt-pru-2.3.3/ti-cgt-pru_2.3.3/include/errno.h
Unpacking /mnt/smpusdk-yocto-build/build/yocto-build_am62xx-lp-evm-rt/build/arago-tmp-default-glibc/work/x86_64-nativesdk-arago-linux/nativesdk-ti-cgt-pru/2.3.3/ti-cgt-pru-2.3.3/ti-cgt-pru_2.3.3/include/_reg_synch_api.h
Unpacking /mnt/smpusdk-yocto-build/build/yocto-build_am62xx-lp-evm-rt/build/arago-tmp-default-glibc/work/x86_64-nativesdk-arago-linux/nativesdk-ti-cgt-pru/2.3.3/ti-cgt-pru-2.3.3/ti-cgt-pru_2.3.3/include/stdint.h
Unpacking /mnt/smpusdk-yocto-build/build/yocto-build_am62xx-lp-evm-rt/build/arago-tmp-default-glibc/work/x86_64-nativesdk-arago-linux/nativesdk-ti-cgt-pru/2.3.3/ti-cgt-pru-2.3.3/ti-cgt-pru_2.3.3/include/_data_synch.h
Unpacking /mnt/smpusdk-yocto-build/build/yocto-build_am62xx-lp-evm-rt/build/arago-tmp-default-glibc/work/x86_64-nativesdk-arago-linux/nativesdk-ti-cgt-pru/2.3.3/ti-cgt-pru-2.3.3/ti-cgt-pru_2.3.3/include/stddef.h
Unpacking /mnt/smpusdk-yocto-build/build/yocto-build_am62xx-lp-evm-rt/build/arago-tmp-default-glibc/work/x86_64-nativesdk-arago-linux/nativesdk-ti-cgt-pru/2.3.3/ti-cgt-pru-2.3.3/ti-cgt-pru_2.3.3/include/elfnames.h
Unpacking /mnt/smpusdk-yocto-build/build/yocto-build_am62xx-lp-evm-rt/build/arago-tmp-default-glibc/work/x86_64-nativesdk-arago-linux/nativesdk-ti-cgt-pru/2.3.3/ti-cgt-pru-2.3.3/ti-cgt-pru_2.3.3/include/wchar.h
Unpacking /mnt/smpusdk-yocto-build/build/yocto-build_am62xx-lp-evm-rt/build/arago-tmp-default-glibc/work/x86_64-nativesdk-arago-linux/nativesdk-ti-cgt-pru/2.3.3/ti-cgt-pru-2.3.3/ti-cgt-pru_2.3.3/include/_fmt_specifier.h
Unpacking /mnt/smpusdk-yocto-build/build/yocto-build_am62xx-lp-evm-rt/build/arago-tmp-default-glibc/work/x86_64-nativesdk-arago-linux/nativesdk-ti-cgt-pru/2.3.3/ti-cgt-pru-2.3.3/ti-cgt-pru_2.3.3/include/stdbool.h
Unpacking /mnt/smpusdk-yocto-build/build/yocto-build_am62xx-lp-evm-rt/build/arago-tmp-default-glibc/work/x86_64-nativesdk-arago-linux/nativesdk-ti-cgt-pru/2.3.3/ti-cgt-pru-2.3.3/ti-cgt-pru_2.3.3/include/inttypes.h
Unpacking /mnt/smpusdk-yocto-build/build/yocto-build_am62xx-lp-evm-rt/build/arago-tmp-default-glibc/work/x86_64-nativesdk-arago-linux/nativesdk-ti-cgt-pru/2.3.3/ti-cgt-pru-2.3.3/ti-cgt-pru_2.3.3/include/exception.stdh
Unpacking /mnt/smpusdk-yocto-build/build/yocto-build_am62xx-lp-evm-rt/build/arago-tmp-default-glibc/work/x86_64-nativesdk-arago-linux/nativesdk-ti-cgt-pru/2.3.3/ti-cgt-pru-2.3.3/ti-cgt-pru_2.3.3/include/ctype.h
Unpacking /mnt/smpusdk-yocto-build/build/yocto-build_am62xx-lp-evm-rt/build/arago-tmp-default-glibc/work/x86_64-nativesdk-arago-linux/nativesdk-ti-cgt-pru/2.3.3/ti-cgt-pru-2.3.3/ti-cgt-pru_2.3.3/include/assert.h
Unpacking /mnt/smpusdk-yocto-build/build/yocto-build_am62xx-lp-evm-rt/build/arago-tmp-default-glibc/work/x86_64-nativesdk-arago-linux/nativesdk-ti-cgt-pru/2.3.3/ti-cgt-pru-2.3.3/ti-cgt-pru_2.3.3/include/setjmp.h
Unpacking /mnt/smpusdk-yocto-build/build/yocto-build_am62xx-lp-evm-rt/build/arago-tmp-default-glibc/work/x86_64-nativesdk-arago-linux/nativesdk-ti-cgt-pru/2.3.3/ti-cgt-pru-2.3.3/ti-cgt-pru_2.3.3/include/_isfuncdcl.h
Unpacking /mnt/smpusdk-yocto-build/build/yocto-build_am62xx-lp-evm-rt/build/arago-tmp-default-glibc/work/x86_64-nativesdk-arago-linux/nativesdk-ti-cgt-pru/2.3.3/ti-cgt-pru-2.3.3/ti-cgt-pru_2.3.3/include/complex.h
Unpacking /mnt/smpusdk-yocto-build/build/yocto-build_am62xx-lp-evm-rt/build/arago-tmp-default-glibc/work/x86_64-nativesdk-arago-linux/nativesdk-ti-cgt-pru/2.3.3/ti-cgt-pru-2.3.3/ti-cgt-pru_2.3.3/include/float.h
Unpacking /mnt/smpusdk-yocto-build/build/yocto-build_am62xx-lp-evm-rt/build/arago-tmp-default-glibc/work/x86_64-nativesdk-arago-linux/nativesdk-ti-cgt-pru/2.3.3/ti-cgt-pru-2.3.3/ti-cgt-pru_2.3.3/include/file.h
Unpacking /mnt/smpusdk-yocto-build/build/yocto-build_am62xx-lp-evm-rt/build/arago-tmp-default-glibc/work/x86_64-nativesdk-arago-linux/nativesdk-ti-cgt-pru/2.3.3/ti-cgt-pru-2.3.3/ti-cgt-pru_2.3.3/include/cxxabi.h
Unpacking /mnt/smpusdk-yocto-build/build/yocto-build_am62xx-lp-evm-rt/build/arago-tmp-default-glibc/work/x86_64-nativesdk-arago-linux/nativesdk-ti-cgt-pru/2.3.3/ti-cgt-pru-2.3.3/ti-cgt-pru_2.3.3/include/cpy_tbl.h
Unpacking /mnt/smpusdk-yocto-build/build/yocto-build_am62xx-lp-evm-rt/build/arago-tmp-default-glibc/work/x86_64-nativesdk-arago-linux/nativesdk-ti-cgt-pru/2.3.3/ti-cgt-pru-2.3.3/ti-cgt-pru_2.3.3/include/signal.h
Unpacking /mnt/smpusdk-yocto-build/build/yocto-build_am62xx-lp-evm-rt/build/arago-tmp-default-glibc/work/x86_64-nativesdk-arago-linux/nativesdk-ti-cgt-pru/2.3.3/ti-cgt-pru-2.3.3/ti-cgt-pru_2.3.3/include/_ti_config.h
Unpacking /mnt/smpusdk-yocto-build/build/yocto-build_am62xx-lp-evm-rt/build/arago-tmp-default-glibc/work/x86_64-nativesdk-arago-linux/nativesdk-ti-cgt-pru/2.3.3/ti-cgt-pru-2.3.3/ti-cgt-pru_2.3.3/include/lowlev.h
Unpacking /mnt/smpusdk-yocto-build/build/yocto-build_am62xx-lp-evm-rt/build/arago-tmp-default-glibc/work/x86_64-nativesdk-arago-linux/nativesdk-ti-cgt-pru/2.3.3/ti-cgt-pru-2.3.3/ti-cgt-pru_2.3.3/include/string.h
Unpacking /mnt/smpusdk-yocto-build/build/yocto-build_am62xx-lp-evm-rt/build/arago-tmp-default-glibc/work/x86_64-nativesdk-arago-linux/nativesdk-ti-cgt-pru/2.3.3/ti-cgt-pru-2.3.3/ti-cgt-pru_2.3.3/include/mathf.h
Unpacking /mnt/smpusdk-yocto-build/build/yocto-build_am62xx-lp-evm-rt/build/arago-tmp-default-glibc/work/x86_64-nativesdk-arago-linux/nativesdk-ti-cgt-pru/2.3.3/ti-cgt-pru-2.3.3/ti-cgt-pru_2.3.3/include/mathl.h
Unpacking /mnt/smpusdk-yocto-build/build/yocto-build_am62xx-lp-evm-rt/build/arago-tmp-default-glibc/work/x86_64-nativesdk-arago-linux/nativesdk-ti-cgt-pru/2.3.3/ti-cgt-pru-2.3.3/ti-cgt-pru_2.3.3/include/_lock.h
Unpacking /mnt/smpusdk-yocto-build/build/yocto-build_am62xx-lp-evm-rt/build/arago-tmp-default-glibc/work/x86_64-nativesdk-arago-linux/nativesdk-ti-cgt-pru/2.3.3/ti-cgt-pru-2.3.3/ti-cgt-pru_2.3.3/include/linkage.h
Unpacking /mnt/smpusdk-yocto-build/build/yocto-build_am62xx-lp-evm-rt/build/arago-tmp-default-glibc/work/x86_64-nativesdk-arago-linux/nativesdk-ti-cgt-pru/2.3.3/ti-cgt-pru-2.3.3/ti-cgt-pru_2.3.3/include/locale.h
Unpacking /mnt/smpusdk-yocto-build/build/yocto-build_am62xx-lp-evm-rt/build/arago-tmp-default-glibc/work/x86_64-nativesdk-arago-linux/nativesdk-ti-cgt-pru/2.3.3/ti-cgt-pru-2.3.3/ti-cgt-pru_2.3.3/include/stdarg.h
Unpacking /mnt/smpusdk-yocto-build/build/yocto-build_am62xx-lp-evm-rt/build/arago-tmp-default-glibc/work/x86_64-nativesdk-arago-linux/nativesdk-ti-cgt-pru/2.3.3/ti-cgt-pru-2.3.3/ti-cgt-pru_2.3.3/include/time.h
Unpacking /mnt/smpusdk-yocto-build/build/yocto-build_am62xx-lp-evm-rt/build/arago-tmp-default-glibc/work/x86_64-nativesdk-arago-linux/nativesdk-ti-cgt-pru/2.3.3/ti-cgt-pru-2.3.3/ti-cgt-pru_2.3.3/include/cpp_inline_math.h
Unpacking /mnt/smpusdk-yocto-build/build/yocto-build_am62xx-lp-evm-rt/build/arago-tmp-default-glibc/work/x86_64-nativesdk-arago-linux/nativesdk-ti-cgt-pru/2.3.3/ti-cgt-pru-2.3.3/ti-cgt-pru_2.3.3/include/new.stdh
Unpacking /mnt/smpusdk-yocto-build/build/yocto-build_am62xx-lp-evm-rt/build/arago-tmp-default-glibc/work/x86_64-nativesdk-arago-linux/nativesdk-ti-cgt-pru/2.3.3/ti-cgt-pru-2.3.3/ti-cgt-pru_2.3.3/include/abi_prefix.h
Unpacking /mnt/smpusdk-yocto-build/build/yocto-build_am62xx-lp-evm-rt/build/arago-tmp-default-glibc/work/x86_64-nativesdk-arago-linux/nativesdk-ti-cgt-pru/2.3.3/ti-cgt-pru-2.3.3/ti-cgt-pru_2.3.3/include/limits.h
Unpacking /mnt/smpusdk-yocto-build/build/yocto-build_am62xx-lp-evm-rt/build/arago-tmp-default-glibc/work/x86_64-nativesdk-arago-linux/nativesdk-ti-cgt-pru/2.3.3/ti-cgt-pru-2.3.3/ti-cgt-pru_2.3.3/include/_pthread.h
Unpacking /mnt/smpusdk-yocto-build/build/yocto-build_am62xx-lp-evm-rt/build/arago-tmp-default-glibc/work/x86_64-nativesdk-arago-linux/nativesdk-ti-cgt-pru/2.3.3/ti-cgt-pru-2.3.3/ti-cgt-pru_2.3.3/include/trgdrv.h
Unpacking /mnt/smpusdk-yocto-build/build/yocto-build_am62xx-lp-evm-rt/build/arago-tmp-default-glibc/work/x86_64-nativesdk-arago-linux/nativesdk-ti-cgt-pru/2.3.3/ti-cgt-pru-2.3.3/ti-cgt-pru_2.3.3/include/iso646.h
Unpacking /mnt/smpusdk-yocto-build/build/yocto-build_am62xx-lp-evm-rt/build/arago-tmp-default-glibc/work/x86_64-nativesdk-arago-linux/nativesdk-ti-cgt-pru/2.3.3/ti-cgt-pru-2.3.3/ti-cgt-pru_2.3.3/include/_tls.h
Unpacking /mnt/smpusdk-yocto-build/build/yocto-build_am62xx-lp-evm-rt/build/arago-tmp-default-glibc/work/x86_64-nativesdk-arago-linux/nativesdk-ti-cgt-pru/2.3.3/ti-cgt-pru-2.3.3/ti-cgt-pru_2.3.3/include/_defs.h
Unpacking /mnt/smpusdk-yocto-build/build/yocto-build_am62xx-lp-evm-rt/build/arago-tmp-default-glibc/work/x86_64-nativesdk-arago-linux/nativesdk-ti-cgt-pru/2.3.3/ti-cgt-pru-2.3.3/ti-cgt-pru_2.3.3/include/_reg_mutex_api.h
Unpacking /mnt/smpusdk-yocto-build/build/yocto-build_am62xx-lp-evm-rt/build/arago-tmp-default-glibc/work/x86_64-nativesdk-arago-linux/nativesdk-ti-cgt-pru/2.3.3/ti-cgt-pru-2.3.3/ti-cgt-pru_2.3.3/include/_stdint40.h
Unpacking /mnt/smpusdk-yocto-build/build/yocto-build_am62xx-lp-evm-rt/build/arago-tmp-default-glibc/work/x86_64-nativesdk-arago-linux/nativesdk-ti-cgt-pru/2.3.3/ti-cgt-pru-2.3.3/ti-cgt-pru_2.3.3/include/math.h
Unpacking /mnt/smpusdk-yocto-build/build/yocto-build_am62xx-lp-evm-rt/build/arago-tmp-default-glibc/work/x86_64-nativesdk-arago-linux/nativesdk-ti-cgt-pru/2.3.3/ti-cgt-pru-2.3.3/ti-cgt-pru_2.3.3/include/stlport/queue
Unpacking /mnt/smpusdk-yocto-build/build/yocto-build_am62xx-lp-evm-rt/build/arago-tmp-default-glibc/work/x86_64-nativesdk-arago-linux/nativesdk-ti-cgt-pru/2.3.3/ti-cgt-pru-2.3.3/ti-cgt-pru_2.3.3/include/stlport/s__ostreambuf_iterator.h
Unpacking /mnt/smpusdk-yocto-build/build/yocto-build_am62xx-lp-evm-rt/build/arago-tmp-default-glibc/work/x86_64-nativesdk-arago-linux/nativesdk-ti-cgt-pru/2.3.3/ti-cgt-pru-2.3.3/ti-cgt-pru_2.3.3/include/stlport/s__ios.h
Unpacking /mnt/smpusdk-yocto-build/build/yocto-build_am62xx-lp-evm-rt/build/arago-tmp-default-glibc/work/x86_64-nativesdk-arago-linux/nativesdk-ti-cgt-pru/2.3.3/ti-cgt-pru-2.3.3/ti-cgt-pru_2.3.3/include/stlport/s__valarray.c
Unpacking /mnt/smpusdk-yocto-build/build/yocto-build_am62xx-lp-evm-rt/build/arago-tmp-default-glibc/work/x86_64-nativesdk-arago-linux/nativesdk-ti-cgt-pru/2.3.3/ti-cgt-pru-2.3.3/ti-cgt-pru_2.3.3/include/stlport/cctype
Unpacking /mnt/smpusdk-yocto-build/build/yocto-build_am62xx-lp-evm-rt/build/arago-tmp-default-glibc/work/x86_64-nativesdk-arago-linux/nativesdk-ti-cgt-pru/2.3.3/ti-cgt-pru-2.3.3/ti-cgt-pru_2.3.3/include/stlport/s__cstring.h
Unpacking /mnt/smpusdk-yocto-build/build/yocto-build_am62xx-lp-evm-rt/build/arago-tmp-default-glibc/work/x86_64-nativesdk-arago-linux/nativesdk-ti-cgt-pru/2.3.3/ti-cgt-pru-2.3.3/ti-cgt-pru_2.3.3/include/stlport/s__string_operators.h
Unpacking /mnt/smpusdk-yocto-build/build/yocto-build_am62xx-lp-evm-rt/build/arago-tmp-default-glibc/work/x86_64-nativesdk-arago-linux/nativesdk-ti-cgt-pru/2.3.3/ti-cgt-pru-2.3.3/ti-cgt-pru_2.3.3/include/stlport/s__iosfwd.h
Unpacking /mnt/smpusdk-yocto-build/build/yocto-build_am62xx-lp-evm-rt/build/arago-tmp-default-glibc/work/x86_64-nativesdk-arago-linux/nativesdk-ti-cgt-pru/2.3.3/ti-cgt-pru-2.3.3/ti-cgt-pru_2.3.3/include/stlport/s__num_put.h
Unpacking /mnt/smpusdk-yocto-build/build/yocto-build_am62xx-lp-evm-rt/build/arago-tmp-default-glibc/work/x86_64-nativesdk-arago-linux/nativesdk-ti-cgt-pru/2.3.3/ti-cgt-pru-2.3.3/ti-cgt-pru_2.3.3/include/stlport/s_concept_checks.h
Unpacking /mnt/smpusdk-yocto-build/build/yocto-build_am62xx-lp-evm-rt/build/arago-tmp-default-glibc/work/x86_64-nativesdk-arago-linux/nativesdk-ti-cgt-pru/2.3.3/ti-cgt-pru-2.3.3/ti-cgt-pru_2.3.3/include/stlport/cstdarg
Unpacking /mnt/smpusdk-yocto-build/build/yocto-build_am62xx-lp-evm-rt/build/arago-tmp-default-glibc/work/x86_64-nativesdk-arago-linux/nativesdk-ti-cgt-pru/2.3.3/ti-cgt-pru-2.3.3/ti-cgt-pru_2.3.3/include/stlport/s__list.h
Unpacking /mnt/smpusdk-yocto-build/build/yocto-build_am62xx-lp-evm-rt/build/arago-tmp-default-glibc/work/x86_64-nativesdk-arago-linux/nativesdk-ti-cgt-pru/2.3.3/ti-cgt-pru-2.3.3/ti-cgt-pru_2.3.3/include/stlport/s__limits.c
Unpacking /mnt/smpusdk-yocto-build/build/yocto-build_am62xx-lp-evm-rt/build/arago-tmp-default-glibc/work/x86_64-nativesdk-arago-linux/nativesdk-ti-cgt-pru/2.3.3/ti-cgt-pru-2.3.3/ti-cgt-pru_2.3.3/include/stlport/valarray
Unpacking /mnt/smpusdk-yocto-build/build/yocto-build_am62xx-lp-evm-rt/build/arago-tmp-default-glibc/work/x86_64-nativesdk-arago-linux/nativesdk-ti-cgt-pru/2.3.3/ti-cgt-pru-2.3.3/ti-cgt-pru_2.3.3/include/stlport/s__codecvt.h
Unpacking /mnt/smpusdk-yocto-build/build/yocto-build_am62xx-lp-evm-rt/build/arago-tmp-default-glibc/work/x86_64-nativesdk-arago-linux/nativesdk-ti-cgt-pru/2.3.3/ti-cgt-pru-2.3.3/ti-cgt-pru_2.3.3/include/stlport/s__num_get.h
Unpacking /mnt/smpusdk-yocto-build/build/yocto-build_am62xx-lp-evm-rt/build/arago-tmp-default-glibc/work/x86_64-nativesdk-arago-linux/nativesdk-ti-cgt-pru/2.3.3/ti-cgt-pru-2.3.3/ti-cgt-pru_2.3.3/include/stlport/s__carray.h
Unpacking /mnt/smpusdk-yocto-build/build/yocto-build_am62xx-lp-evm-rt/build/arago-tmp-default-glibc/work/x86_64-nativesdk-arago-linux/nativesdk-ti-cgt-pru/2.3.3/ti-cgt-pru-2.3.3/ti-cgt-pru_2.3.3/include/stlport/ostream
Unpacking /mnt/smpusdk-yocto-build/build/yocto-build_am62xx-lp-evm-rt/build/arago-tmp-default-glibc/work/x86_64-nativesdk-arago-linux/nativesdk-ti-cgt-pru/2.3.3/ti-cgt-pru-2.3.3/ti-cgt-pru_2.3.3/include/stlport/s__valarray.h
Unpacking /mnt/smpusdk-yocto-build/build/yocto-build_am62xx-lp-evm-rt/build/arago-tmp-default-glibc/work/x86_64-nativesdk-arago-linux/nativesdk-ti-cgt-pru/2.3.3/ti-cgt-pru-2.3.3/ti-cgt-pru_2.3.3/include/stlport/s__uninitialized.h
Unpacking /mnt/smpusdk-yocto-build/build/yocto-build_am62xx-lp-evm-rt/build/arago-tmp-default-glibc/work/x86_64-nativesdk-arago-linux/nativesdk-ti-cgt-pru/2.3.3/ti-cgt-pru-2.3.3/ti-cgt-pru_2.3.3/include/stlport/s__unordered_set.h
Unpacking /mnt/smpusdk-yocto-build/build/yocto-build_am62xx-lp-evm-rt/build/arago-tmp-default-glibc/work/x86_64-nativesdk-arago-linux/nativesdk-ti-cgt-pru/2.3.3/ti-cgt-pru-2.3.3/ti-cgt-pru_2.3.3/include/stlport/s__unordered_map.h
Unpacking /mnt/smpusdk-yocto-build/build/yocto-build_am62xx-lp-evm-rt/build/arago-tmp-default-glibc/work/x86_64-nativesdk-arago-linux/nativesdk-ti-cgt-pru/2.3.3/ti-cgt-pru-2.3.3/ti-cgt-pru_2.3.3/include/stlport/s__monetary.c
Unpacking /mnt/smpusdk-yocto-build/build/yocto-build_am62xx-lp-evm-rt/build/arago-tmp-default-glibc/work/x86_64-nativesdk-arago-linux/nativesdk-ti-cgt-pru/2.3.3/ti-cgt-pru-2.3.3/ti-cgt-pru_2.3.3/include/stlport/stdexcept
Unpacking /mnt/smpusdk-yocto-build/build/yocto-build_am62xx-lp-evm-rt/build/arago-tmp-default-glibc/work/x86_64-nativesdk-arago-linux/nativesdk-ti-cgt-pru/2.3.3/ti-cgt-pru-2.3.3/ti-cgt-pru_2.3.3/include/stlport/s__string_io.c
Unpacking /mnt/smpusdk-yocto-build/build/yocto-build_am62xx-lp-evm-rt/build/arago-tmp-default-glibc/work/x86_64-nativesdk-arago-linux/nativesdk-ti-cgt-pru/2.3.3/ti-cgt-pru-2.3.3/ti-cgt-pru_2.3.3/include/stlport/s__epilog.h
Unpacking /mnt/smpusdk-yocto-build/build/yocto-build_am62xx-lp-evm-rt/build/arago-tmp-default-glibc/work/x86_64-nativesdk-arago-linux/nativesdk-ti-cgt-pru/2.3.3/ti-cgt-pru-2.3.3/ti-cgt-pru_2.3.3/include/stlport/s__config_compat_post.h
Unpacking /mnt/smpusdk-yocto-build/build/yocto-build_am62xx-lp-evm-rt/build/arago-tmp-default-glibc/work/x86_64-nativesdk-arago-linux/nativesdk-ti-cgt-pru/2.3.3/ti-cgt-pru-2.3.3/ti-cgt-pru_2.3.3/include/stlport/s__cwchar.h
Unpacking /mnt/smpusdk-yocto-build/build/yocto-build_am62xx-lp-evm-rt/build/arago-tmp-default-glibc/work/x86_64-nativesdk-arago-linux/nativesdk-ti-cgt-pru/2.3.3/ti-cgt-pru-2.3.3/ti-cgt-pru_2.3.3/include/stlport/s__exception.h
Unpacking /mnt/smpusdk-yocto-build/build/yocto-build_am62xx-lp-evm-rt/build/arago-tmp-default-glibc/work/x86_64-nativesdk-arago-linux/nativesdk-ti-cgt-pru/2.3.3/ti-cgt-pru-2.3.3/ti-cgt-pru_2.3.3/include/stlport/limits
Unpacking /mnt/smpusdk-yocto-build/build/yocto-build_am62xx-lp-evm-rt/build/arago-tmp-default-glibc/work/x86_64-nativesdk-arago-linux/nativesdk-ti-cgt-pru/2.3.3/ti-cgt-pru-2.3.3/ti-cgt-pru_2.3.3/include/stlport/s__cmath.h
Unpacking /mnt/smpusdk-yocto-build/build/yocto-build_am62xx-lp-evm-rt/build/arago-tmp-default-glibc/work/x86_64-nativesdk-arago-linux/nativesdk-ti-cgt-pru/2.3.3/ti-cgt-pru-2.3.3/ti-cgt-pru_2.3.3/include/stlport/s__list.c
Unpacking /mnt/smpusdk-yocto-build/build/yocto-build_am62xx-lp-evm-rt/build/arago-tmp-default-glibc/work/x86_64-nativesdk-arago-linux/nativesdk-ti-cgt-pru/2.3.3/ti-cgt-pru-2.3.3/ti-cgt-pru_2.3.3/include/stlport/s_p__deque.h
Unpacking /mnt/smpusdk-yocto-build/build/yocto-build_am62xx-lp-evm-rt/build/arago-tmp-default-glibc/work/x86_64-nativesdk-arago-linux/nativesdk-ti-cgt-pru/2.3.3/ti-cgt-pru-2.3.3/ti-cgt-pru_2.3.3/include/stlport/s__numeric.c
Unpacking /mnt/smpusdk-yocto-build/build/yocto-build_am62xx-lp-evm-rt/build/arago-tmp-default-glibc/work/x86_64-nativesdk-arago-linux/nativesdk-ti-cgt-pru/2.3.3/ti-cgt-pru-2.3.3/ti-cgt-pru_2.3.3/include/stlport/s__slist_base.h
Unpacking /mnt/smpusdk-yocto-build/build/yocto-build_am62xx-lp-evm-rt/build/arago-tmp-default-glibc/work/x86_64-nativesdk-arago-linux/nativesdk-ti-cgt-pru/2.3.3/ti-cgt-pru-2.3.3/ti-cgt-pru_2.3.3/include/stlport/cstdio
Unpacking /mnt/smpusdk-yocto-build/build/yocto-build_am62xx-lp-evm-rt/build/arago-tmp-default-glibc/work/x86_64-nativesdk-arago-linux/nativesdk-ti-cgt-pru/2.3.3/ti-cgt-pru-2.3.3/ti-cgt-pru_2.3.3/include/stlport/s__algobase.h
Unpacking /mnt/smpusdk-yocto-build/build/yocto-build_am62xx-lp-evm-rt/build/arago-tmp-default-glibc/work/x86_64-nativesdk-arago-linux/nativesdk-ti-cgt-pru/2.3.3/ti-cgt-pru-2.3.3/ti-cgt-pru_2.3.3/include/stlport/s_c_host.h
Unpacking /mnt/smpusdk-yocto-build/build/yocto-build_am62xx-lp-evm-rt/build/arago-tmp-default-glibc/work/x86_64-nativesdk-arago-linux/nativesdk-ti-cgt-pru/2.3.3/ti-cgt-pru-2.3.3/ti-cgt-pru_2.3.3/include/stlport/unordered_map
Unpacking /mnt/smpusdk-yocto-build/build/yocto-build_am62xx-lp-evm-rt/build/arago-tmp-default-glibc/work/x86_64-nativesdk-arago-linux/nativesdk-ti-cgt-pru/2.3.3/ti-cgt-pru-2.3.3/ti-cgt-pru_2.3.3/include/stlport/s__bvector.h
Unpacking /mnt/smpusdk-yocto-build/build/yocto-build_am62xx-lp-evm-rt/build/arago-tmp-default-glibc/work/x86_64-nativesdk-arago-linux/nativesdk-ti-cgt-pru/2.3.3/ti-cgt-pru-2.3.3/ti-cgt-pru_2.3.3/include/stlport/s__ostream.h
Unpacking /mnt/smpusdk-yocto-build/build/yocto-build_am62xx-lp-evm-rt/build/arago-tmp-default-glibc/work/x86_64-nativesdk-arago-linux/nativesdk-ti-cgt-pru/2.3.3/ti-cgt-pru-2.3.3/ti-cgt-pru_2.3.3/include/stlport/s__ios_base.h
Unpacking /mnt/smpusdk-yocto-build/build/yocto-build_am62xx-lp-evm-rt/build/arago-tmp-default-glibc/work/x86_64-nativesdk-arago-linux/nativesdk-ti-cgt-pru/2.3.3/ti-cgt-pru-2.3.3/ti-cgt-pru_2.3.3/include/stlport/s_c_user_config.h
Unpacking /mnt/smpusdk-yocto-build/build/yocto-build_am62xx-lp-evm-rt/build/arago-tmp-default-glibc/work/x86_64-nativesdk-arago-linux/nativesdk-ti-cgt-pru/2.3.3/ti-cgt-pru-2.3.3/ti-cgt-pru_2.3.3/include/stlport/s__collate.h
Unpacking /mnt/smpusdk-yocto-build/build/yocto-build_am62xx-lp-evm-rt/build/arago-tmp-default-glibc/work/x86_64-nativesdk-arago-linux/nativesdk-ti-cgt-pru/2.3.3/ti-cgt-pru-2.3.3/ti-cgt-pru_2.3.3/include/stlport/s__streambuf.h
Unpacking /mnt/smpusdk-yocto-build/build/yocto-build_am62xx-lp-evm-rt/build/arago-tmp-default-glibc/work/x86_64-nativesdk-arago-linux/nativesdk-ti-cgt-pru/2.3.3/ti-cgt-pru-2.3.3/ti-cgt-pru_2.3.3/include/stlport/s__slist_base.c
Unpacking /mnt/smpusdk-yocto-build/build/yocto-build_am62xx-lp-evm-rt/build/arago-tmp-default-glibc/work/x86_64-nativesdk-arago-linux/nativesdk-ti-cgt-pru/2.3.3/ti-cgt-pru-2.3.3/ti-cgt-pru_2.3.3/include/stlport/fstream
Unpacking /mnt/smpusdk-yocto-build/build/yocto-build_am62xx-lp-evm-rt/build/arago-tmp-default-glibc/work/x86_64-nativesdk-arago-linux/nativesdk-ti-cgt-pru/2.3.3/ti-cgt-pru-2.3.3/ti-cgt-pru_2.3.3/include/stlport/s__iterator_old.h
Unpacking /mnt/smpusdk-yocto-build/build/yocto-build_am62xx-lp-evm-rt/build/arago-tmp-default-glibc/work/x86_64-nativesdk-arago-linux/nativesdk-ti-cgt-pru/2.3.3/ti-cgt-pru-2.3.3/ti-cgt-pru_2.3.3/include/stlport/s__algo.c
Unpacking /mnt/smpusdk-yocto-build/build/yocto-build_am62xx-lp-evm-rt/build/arago-tmp-default-glibc/work/x86_64-nativesdk-arago-linux/nativesdk-ti-cgt-pru/2.3.3/ti-cgt-pru-2.3.3/ti-cgt-pru_2.3.3/include/stlport/s__num_put.c
Unpacking /mnt/smpusdk-yocto-build/build/yocto-build_am62xx-lp-evm-rt/build/arago-tmp-default-glibc/work/x86_64-nativesdk-arago-linux/nativesdk-ti-cgt-pru/2.3.3/ti-cgt-pru-2.3.3/ti-cgt-pru_2.3.3/include/stlport/s__ios.c
Unpacking /mnt/smpusdk-yocto-build/build/yocto-build_am62xx-lp-evm-rt/build/arago-tmp-default-glibc/work/x86_64-nativesdk-arago-linux/nativesdk-ti-cgt-pru/2.3.3/ti-cgt-pru-2.3.3/ti-cgt-pru_2.3.3/include/stlport/s__time_facets.h
Unpacking /mnt/smpusdk-yocto-build/build/yocto-build_am62xx-lp-evm-rt/build/arago-tmp-default-glibc/work/x86_64-nativesdk-arago-linux/nativesdk-ti-cgt-pru/2.3.3/ti-cgt-pru-2.3.3/ti-cgt-pru_2.3.3/include/stlport/hash_map
Unpacking /mnt/smpusdk-yocto-build/build/yocto-build_am62xx-lp-evm-rt/build/arago-tmp-default-glibc/work/x86_64-nativesdk-arago-linux/nativesdk-ti-cgt-pru/2.3.3/ti-cgt-pru-2.3.3/ti-cgt-pru_2.3.3/include/stlport/s__complex.h
Unpacking /mnt/smpusdk-yocto-build/build/yocto-build_am62xx-lp-evm-rt/build/arago-tmp-default-glibc/work/x86_64-nativesdk-arago-linux/nativesdk-ti-cgt-pru/2.3.3/ti-cgt-pru-2.3.3/ti-cgt-pru_2.3.3/include/stlport/ciso646
Unpacking /mnt/smpusdk-yocto-build/build/yocto-build_am62xx-lp-evm-rt/build/arago-tmp-default-glibc/work/x86_64-nativesdk-arago-linux/nativesdk-ti-cgt-pru/2.3.3/ti-cgt-pru-2.3.3/ti-cgt-pru_2.3.3/include/stlport/list
Unpacking /mnt/smpusdk-yocto-build/build/yocto-build_am62xx-lp-evm-rt/build/arago-tmp-default-glibc/work/x86_64-nativesdk-arago-linux/nativesdk-ti-cgt-pru/2.3.3/ti-cgt-pru-2.3.3/ti-cgt-pru_2.3.3/include/stlport/s__raw_storage_iter.h
Unpacking /mnt/smpusdk-yocto-build/build/yocto-build_am62xx-lp-evm-rt/build/arago-tmp-default-glibc/work/x86_64-nativesdk-arago-linux/nativesdk-ti-cgt-pru/2.3.3/ti-cgt-pru-2.3.3/ti-cgt-pru_2.3.3/include/stlport/s__complex.c
Unpacking /mnt/smpusdk-yocto-build/build/yocto-build_am62xx-lp-evm-rt/build/arago-tmp-default-glibc/work/x86_64-nativesdk-arago-linux/nativesdk-ti-cgt-pru/2.3.3/ti-cgt-pru-2.3.3/ti-cgt-pru_2.3.3/include/stlport/iterator
Unpacking /mnt/smpusdk-yocto-build/build/yocto-build_am62xx-lp-evm-rt/build/arago-tmp-default-glibc/work/x86_64-nativesdk-arago-linux/nativesdk-ti-cgt-pru/2.3.3/ti-cgt-pru-2.3.3/ti-cgt-pru_2.3.3/include/stlport/s_c__epilog.h
Unpacking /mnt/smpusdk-yocto-build/build/yocto-build_am62xx-lp-evm-rt/build/arago-tmp-default-glibc/work/x86_64-nativesdk-arago-linux/nativesdk-ti-cgt-pru/2.3.3/ti-cgt-pru-2.3.3/ti-cgt-pru_2.3.3/include/stlport/deque
Unpacking /mnt/smpusdk-yocto-build/build/yocto-build_am62xx-lp-evm-rt/build/arago-tmp-default-glibc/work/x86_64-nativesdk-arago-linux/nativesdk-ti-cgt-pru/2.3.3/ti-cgt-pru-2.3.3/ti-cgt-pru_2.3.3/include/stlport/numeric
Unpacking /mnt/smpusdk-yocto-build/build/yocto-build_am62xx-lp-evm-rt/build/arago-tmp-default-glibc/work/x86_64-nativesdk-arago-linux/nativesdk-ti-cgt-pru/2.3.3/ti-cgt-pru-2.3.3/ti-cgt-pru_2.3.3/include/stlport/s__rope.h
Unpacking /mnt/smpusdk-yocto-build/build/yocto-build_am62xx-lp-evm-rt/build/arago-tmp-default-glibc/work/x86_64-nativesdk-arago-linux/nativesdk-ti-cgt-pru/2.3.3/ti-cgt-pru-2.3.3/ti-cgt-pru_2.3.3/include/stlport/slist
Unpacking /mnt/smpusdk-yocto-build/build/yocto-build_am62xx-lp-evm-rt/build/arago-tmp-default-glibc/work/x86_64-nativesdk-arago-linux/nativesdk-ti-cgt-pru/2.3.3/ti-cgt-pru-2.3.3/ti-cgt-pru_2.3.3/include/stlport/s__heap.h
Unpacking /mnt/smpusdk-yocto-build/build/yocto-build_am62xx-lp-evm-rt/build/arago-tmp-default-glibc/work/x86_64-nativesdk-arago-linux/nativesdk-ti-cgt-pru/2.3.3/ti-cgt-pru-2.3.3/ti-cgt-pru_2.3.3/include/stlport/s__csignal.h
Unpacking /mnt/smpusdk-yocto-build/build/yocto-build_am62xx-lp-evm-rt/build/arago-tmp-default-glibc/work/x86_64-nativesdk-arago-linux/nativesdk-ti-cgt-pru/2.3.3/ti-cgt-pru-2.3.3/ti-cgt-pru_2.3.3/include/stlport/s__function_adaptors.h
Unpacking /mnt/smpusdk-yocto-build/build/yocto-build_am62xx-lp-evm-rt/build/arago-tmp-default-glibc/work/x86_64-nativesdk-arago-linux/nativesdk-ti-cgt-pru/2.3.3/ti-cgt-pru-2.3.3/ti-cgt-pru_2.3.3/include/stlport/map
Unpacking /mnt/smpusdk-yocto-build/build/yocto-build_am62xx-lp-evm-rt/build/arago-tmp-default-glibc/work/x86_64-nativesdk-arago-linux/nativesdk-ti-cgt-pru/2.3.3/ti-cgt-pru-2.3.3/ti-cgt-pru_2.3.3/include/stlport/s__mbstate_t.h
Unpacking /mnt/smpusdk-yocto-build/build/yocto-build_am62xx-lp-evm-rt/build/arago-tmp-default-glibc/work/x86_64-nativesdk-arago-linux/nativesdk-ti-cgt-pru/2.3.3/ti-cgt-pru-2.3.3/ti-cgt-pru_2.3.3/include/stlport/s__pair.h
Unpacking /mnt/smpusdk-yocto-build/build/yocto-build_am62xx-lp-evm-rt/build/arago-tmp-default-glibc/work/x86_64-nativesdk-arago-linux/nativesdk-ti-cgt-pru/2.3.3/ti-cgt-pru-2.3.3/ti-cgt-pru_2.3.3/include/stlport/s_c_stl_confix.h
Unpacking /mnt/smpusdk-yocto-build/build/yocto-build_am62xx-lp-evm-rt/build/arago-tmp-default-glibc/work/x86_64-nativesdk-arago-linux/nativesdk-ti-cgt-pru/2.3.3/ti-cgt-pru-2.3.3/ti-cgt-pru_2.3.3/include/stlport/s__map.h
Unpacking /mnt/smpusdk-yocto-build/build/yocto-build_am62xx-lp-evm-rt/build/arago-tmp-default-glibc/work/x86_64-nativesdk-arago-linux/nativesdk-ti-cgt-pru/2.3.3/ti-cgt-pru-2.3.3/ti-cgt-pru_2.3.3/include/stlport/bitset
Unpacking /mnt/smpusdk-yocto-build/build/yocto-build_am62xx-lp-evm-rt/build/arago-tmp-default-glibc/work/x86_64-nativesdk-arago-linux/nativesdk-ti-cgt-pru/2.3.3/ti-cgt-pru-2.3.3/ti-cgt-pru_2.3.3/include/stlport/s__stdexcept.h
Unpacking /mnt/smpusdk-yocto-build/build/yocto-build_am62xx-lp-evm-rt/build/arago-tmp-default-glibc/work/x86_64-nativesdk-arago-linux/nativesdk-ti-cgt-pru/2.3.3/ti-cgt-pru-2.3.3/ti-cgt-pru_2.3.3/include/stlport/cstring
Unpacking /mnt/smpusdk-yocto-build/build/yocto-build_am62xx-lp-evm-rt/build/arago-tmp-default-glibc/work/x86_64-nativesdk-arago-linux/nativesdk-ti-cgt-pru/2.3.3/ti-cgt-pru-2.3.3/ti-cgt-pru_2.3.3/include/stlport/typeinfo
Unpacking /mnt/smpusdk-yocto-build/build/yocto-build_am62xx-lp-evm-rt/build/arago-tmp-default-glibc/work/x86_64-nativesdk-arago-linux/nativesdk-ti-cgt-pru/2.3.3/ti-cgt-pru-2.3.3/ti-cgt-pru_2.3.3/include/stlport/cmath
Unpacking /mnt/smpusdk-yocto-build/build/yocto-build_am62xx-lp-evm-rt/build/arago-tmp-default-glibc/work/x86_64-nativesdk-arago-linux/nativesdk-ti-cgt-pru/2.3.3/ti-cgt-pru-2.3.3/ti-cgt-pru_2.3.3/include/stlport/s__algobase.c
Unpacking /mnt/smpusdk-yocto-build/build/yocto-build_am62xx-lp-evm-rt/build/arago-tmp-default-glibc/work/x86_64-nativesdk-arago-linux/nativesdk-ti-cgt-pru/2.3.3/ti-cgt-pru-2.3.3/ti-cgt-pru_2.3.3/include/stlport/s__string_npos.h
Unpacking /mnt/smpusdk-yocto-build/build/yocto-build_am62xx-lp-evm-rt/build/arago-tmp-default-glibc/work/x86_64-nativesdk-arago-linux/nativesdk-ti-cgt-pru/2.3.3/ti-cgt-pru-2.3.3/ti-cgt-pru_2.3.3/include/stlport/s_p__set.h
Unpacking /mnt/smpusdk-yocto-build/build/yocto-build_am62xx-lp-evm-rt/build/arago-tmp-default-glibc/work/x86_64-nativesdk-arago-linux/nativesdk-ti-cgt-pru/2.3.3/ti-cgt-pru-2.3.3/ti-cgt-pru_2.3.3/include/stlport/s__construct.h
Unpacking /mnt/smpusdk-yocto-build/build/yocto-build_am62xx-lp-evm-rt/build/arago-tmp-default-glibc/work/x86_64-nativesdk-arago-linux/nativesdk-ti-cgt-pru/2.3.3/ti-cgt-pru-2.3.3/ti-cgt-pru_2.3.3/include/stlport/csignal
Unpacking /mnt/smpusdk-yocto-build/build/yocto-build_am62xx-lp-evm-rt/build/arago-tmp-default-glibc/work/x86_64-nativesdk-arago-linux/nativesdk-ti-cgt-pru/2.3.3/ti-cgt-pru-2.3.3/ti-cgt-pru_2.3.3/include/stlport/s__cstdio.h
Unpacking /mnt/smpusdk-yocto-build/build/yocto-build_am62xx-lp-evm-rt/build/arago-tmp-default-glibc/work/x86_64-nativesdk-arago-linux/nativesdk-ti-cgt-pru/2.3.3/ti-cgt-pru-2.3.3/ti-cgt-pru_2.3.3/include/stlport/s__monetary.h
Unpacking /mnt/smpusdk-yocto-build/build/yocto-build_am62xx-lp-evm-rt/build/arago-tmp-default-glibc/work/x86_64-nativesdk-arago-linux/nativesdk-ti-cgt-pru/2.3.3/ti-cgt-pru-2.3.3/ti-cgt-pru_2.3.3/include/stlport/s__prolog.h
Unpacking /mnt/smpusdk-yocto-build/build/yocto-build_am62xx-lp-evm-rt/build/arago-tmp-default-glibc/work/x86_64-nativesdk-arago-linux/nativesdk-ti-cgt-pru/2.3.3/ti-cgt-pru-2.3.3/ti-cgt-pru_2.3.3/include/stlport/s__locale.h
Unpacking /mnt/smpusdk-yocto-build/build/yocto-build_am62xx-lp-evm-rt/build/arago-tmp-default-glibc/work/x86_64-nativesdk-arago-linux/nativesdk-ti-cgt-pru/2.3.3/ti-cgt-pru-2.3.3/ti-cgt-pru_2.3.3/include/stlport/s__hashtable.h
Unpacking /mnt/smpusdk-yocto-build/build/yocto-build_am62xx-lp-evm-rt/build/arago-tmp-default-glibc/work/x86_64-nativesdk-arago-linux/nativesdk-ti-cgt-pru/2.3.3/ti-cgt-pru-2.3.3/ti-cgt-pru_2.3.3/include/stlport/s__csetjmp.h
Unpacking /mnt/smpusdk-yocto-build/build/yocto-build_am62xx-lp-evm-rt/build/arago-tmp-default-glibc/work/x86_64-nativesdk-arago-linux/nativesdk-ti-cgt-pru/2.3.3/ti-cgt-pru-2.3.3/ti-cgt-pru_2.3.3/include/stlport/s__vector.h
Unpacking /mnt/smpusdk-yocto-build/build/yocto-build_am62xx-lp-evm-rt/build/arago-tmp-default-glibc/work/x86_64-nativesdk-arago-linux/nativesdk-ti-cgt-pru/2.3.3/ti-cgt-pru-2.3.3/ti-cgt-pru_2.3.3/include/stlport/s__heap.c
Unpacking /mnt/smpusdk-yocto-build/build/yocto-build_am62xx-lp-evm-rt/build/arago-tmp-default-glibc/work/x86_64-nativesdk-arago-linux/nativesdk-ti-cgt-pru/2.3.3/ti-cgt-pru-2.3.3/ti-cgt-pru_2.3.3/include/stlport/s__vector.c
Unpacking /mnt/smpusdk-yocto-build/build/yocto-build_am62xx-lp-evm-rt/build/arago-tmp-default-glibc/work/x86_64-nativesdk-arago-linux/nativesdk-ti-cgt-pru/2.3.3/ti-cgt-pru-2.3.3/ti-cgt-pru_2.3.3/include/stlport/u_cstring
Unpacking /mnt/smpusdk-yocto-build/build/yocto-build_am62xx-lp-evm-rt/build/arago-tmp-default-glibc/work/x86_64-nativesdk-arago-linux/nativesdk-ti-cgt-pru/2.3.3/ti-cgt-pru-2.3.3/ti-cgt-pru_2.3.3/include/stlport/s__time_facets.c
Unpacking /mnt/smpusdk-yocto-build/build/yocto-build_am62xx-lp-evm-rt/build/arago-tmp-default-glibc/work/x86_64-nativesdk-arago-linux/nativesdk-ti-cgt-pru/2.3.3/ti-cgt-pru-2.3.3/ti-cgt-pru_2.3.3/include/stlport/s__move_construct_fwk.h
Unpacking /mnt/smpusdk-yocto-build/build/yocto-build_am62xx-lp-evm-rt/build/arago-tmp-default-glibc/work/x86_64-nativesdk-arago-linux/nativesdk-ti-cgt-pru/2.3.3/ti-cgt-pru-2.3.3/ti-cgt-pru_2.3.3/include/stlport/s__num_get.c
Unpacking /mnt/smpusdk-yocto-build/build/yocto-build_am62xx-lp-evm-rt/build/arago-tmp-default-glibc/work/x86_64-nativesdk-arago-linux/nativesdk-ti-cgt-pru/2.3.3/ti-cgt-pru-2.3.3/ti-cgt-pru_2.3.3/include/stlport/ctime
Unpacking /mnt/smpusdk-yocto-build/build/yocto-build_am62xx-lp-evm-rt/build/arago-tmp-default-glibc/work/x86_64-nativesdk-arago-linux/nativesdk-ti-cgt-pru/2.3.3/ti-cgt-pru-2.3.3/ti-cgt-pru_2.3.3/include/stlport/s_c_features.h
Unpacking /mnt/smpusdk-yocto-build/build/yocto-build_am62xx-lp-evm-rt/build/arago-tmp-default-glibc/work/x86_64-nativesdk-arago-linux/nativesdk-ti-cgt-pru/2.3.3/ti-cgt-pru-2.3.3/ti-cgt-pru_2.3.3/include/stlport/s__string_hash.h
Unpacking /mnt/smpusdk-yocto-build/build/yocto-build_am62xx-lp-evm-rt/build/arago-tmp-default-glibc/work/x86_64-nativesdk-arago-linux/nativesdk-ti-cgt-pru/2.3.3/ti-cgt-pru-2.3.3/ti-cgt-pru_2.3.3/include/stlport/s__iterator_base.h
Unpacking /mnt/smpusdk-yocto-build/build/yocto-build_am62xx-lp-evm-rt/build/arago-tmp-default-glibc/work/x86_64-nativesdk-arago-linux/nativesdk-ti-cgt-pru/2.3.3/ti-cgt-pru-2.3.3/ti-cgt-pru_2.3.3/include/stlport/cstddef
Unpacking /mnt/smpusdk-yocto-build/build/yocto-build_am62xx-lp-evm-rt/build/arago-tmp-default-glibc/work/x86_64-nativesdk-arago-linux/nativesdk-ti-cgt-pru/2.3.3/ti-cgt-pru-2.3.3/ti-cgt-pru_2.3.3/include/stlport/s__cprolog.h
Unpacking /mnt/smpusdk-yocto-build/build/yocto-build_am62xx-lp-evm-rt/build/arago-tmp-default-glibc/work/x86_64-nativesdk-arago-linux/nativesdk-ti-cgt-pru/2.3.3/ti-cgt-pru-2.3.3/ti-cgt-pru_2.3.3/include/stlport/s__ctraits_fns.h
Unpacking /mnt/smpusdk-yocto-build/build/yocto-build_am62xx-lp-evm-rt/build/arago-tmp-default-glibc/work/x86_64-nativesdk-arago-linux/nativesdk-ti-cgt-pru/2.3.3/ti-cgt-pru-2.3.3/ti-cgt-pru_2.3.3/include/stlport/s__slist.c
Unpacking /mnt/smpusdk-yocto-build/build/yocto-build_am62xx-lp-evm-rt/build/arago-tmp-default-glibc/work/x86_64-nativesdk-arago-linux/nativesdk-ti-cgt-pru/2.3.3/ti-cgt-pru-2.3.3/ti-cgt-pru_2.3.3/include/stlport/s_c__system.h
Unpacking /mnt/smpusdk-yocto-build/build/yocto-build_am62xx-lp-evm-rt/build/arago-tmp-default-glibc/work/x86_64-nativesdk-arago-linux/nativesdk-ti-cgt-pru/2.3.3/ti-cgt-pru-2.3.3/ti-cgt-pru_2.3.3/include/stlport/iosfwd
Unpacking /mnt/smpusdk-yocto-build/build/yocto-build_am62xx-lp-evm-rt/build/arago-tmp-default-glibc/work/x86_64-nativesdk-arago-linux/nativesdk-ti-cgt-pru/2.3.3/ti-cgt-pru-2.3.3/ti-cgt-pru_2.3.3/include/stlport/s_type_manips.h
Unpacking /mnt/smpusdk-yocto-build/build/yocto-build_am62xx-lp-evm-rt/build/arago-tmp-default-glibc/work/x86_64-nativesdk-arago-linux/nativesdk-ti-cgt-pru/2.3.3/ti-cgt-pru-2.3.3/ti-cgt-pru_2.3.3/include/stlport/s__typeinfo.h
Unpacking /mnt/smpusdk-yocto-build/build/yocto-build_am62xx-lp-evm-rt/build/arago-tmp-default-glibc/work/x86_64-nativesdk-arago-linux/nativesdk-ti-cgt-pru/2.3.3/ti-cgt-pru-2.3.3/ti-cgt-pru_2.3.3/include/stlport/s__cstdlib.h
Unpacking /mnt/smpusdk-yocto-build/build/yocto-build_am62xx-lp-evm-rt/build/arago-tmp-default-glibc/work/x86_64-nativesdk-arago-linux/nativesdk-ti-cgt-pru/2.3.3/ti-cgt-pru-2.3.3/ti-cgt-pru_2.3.3/include/stlport/s__sstream.c
Unpacking /mnt/smpusdk-yocto-build/build/yocto-build_am62xx-lp-evm-rt/build/arago-tmp-default-glibc/work/x86_64-nativesdk-arago-linux/nativesdk-ti-cgt-pru/2.3.3/ti-cgt-pru-2.3.3/ti-cgt-pru_2.3.3/include/stlport/algorithm
Unpacking /mnt/smpusdk-yocto-build/build/yocto-build_am62xx-lp-evm-rt/build/arago-tmp-default-glibc/work/x86_64-nativesdk-arago-linux/nativesdk-ti-cgt-pru/2.3.3/ti-cgt-pru-2.3.3/ti-cgt-pru_2.3.3/include/stlport/s__deque.h
Unpacking /mnt/smpusdk-yocto-build/build/yocto-build_am62xx-lp-evm-rt/build/arago-tmp-default-glibc/work/x86_64-nativesdk-arago-linux/nativesdk-ti-cgt-pru/2.3.3/ti-cgt-pru-2.3.3/ti-cgt-pru_2.3.3/include/stlport/s__strstream.h
Unpacking /mnt/smpusdk-yocto-build/build/yocto-build_am62xx-lp-evm-rt/build/arago-tmp-default-glibc/work/x86_64-nativesdk-arago-linux/nativesdk-ti-cgt-pru/2.3.3/ti-cgt-pru-2.3.3/ti-cgt-pru_2.3.3/include/stlport/s__stream_iterator.h
Unpacking /mnt/smpusdk-yocto-build/build/yocto-build_am62xx-lp-evm-rt/build/arago-tmp-default-glibc/work/x86_64-nativesdk-arago-linux/nativesdk-ti-cgt-pru/2.3.3/ti-cgt-pru-2.3.3/ti-cgt-pru_2.3.3/include/stlport/s__facets_fwd.h
Unpacking /mnt/smpusdk-yocto-build/build/yocto-build_am62xx-lp-evm-rt/build/arago-tmp-default-glibc/work/x86_64-nativesdk-arago-linux/nativesdk-ti-cgt-pru/2.3.3/ti-cgt-pru-2.3.3/ti-cgt-pru_2.3.3/include/stlport/s__fstream.h
Unpacking /mnt/smpusdk-yocto-build/build/yocto-build_am62xx-lp-evm-rt/build/arago-tmp-default-glibc/work/x86_64-nativesdk-arago-linux/nativesdk-ti-cgt-pru/2.3.3/ti-cgt-pru-2.3.3/ti-cgt-pru_2.3.3/include/stlport/s__bitset.h
Unpacking /mnt/smpusdk-yocto-build/build/yocto-build_am62xx-lp-evm-rt/build/arago-tmp-default-glibc/work/x86_64-nativesdk-arago-linux/nativesdk-ti-cgt-pru/2.3.3/ti-cgt-pru-2.3.3/ti-cgt-pru_2.3.3/include/stlport/s__queue.h
Unpacking /mnt/smpusdk-yocto-build/build/yocto-build_am62xx-lp-evm-rt/build/arago-tmp-default-glibc/work/x86_64-nativesdk-arago-linux/nativesdk-ti-cgt-pru/2.3.3/ti-cgt-pru-2.3.3/ti-cgt-pru_2.3.3/include/stlport/s__sstream.h
Unpacking /mnt/smpusdk-yocto-build/build/yocto-build_am62xx-lp-evm-rt/build/arago-tmp-default-glibc/work/x86_64-nativesdk-arago-linux/nativesdk-ti-cgt-pru/2.3.3/ti-cgt-pru-2.3.3/ti-cgt-pru_2.3.3/include/stlport/s__ctype.h
Unpacking /mnt/smpusdk-yocto-build/build/yocto-build_am62xx-lp-evm-rt/build/arago-tmp-default-glibc/work/x86_64-nativesdk-arago-linux/nativesdk-ti-cgt-pru/2.3.3/ti-cgt-pru-2.3.3/ti-cgt-pru_2.3.3/include/stlport/s__auto_ptr.h
Unpacking /mnt/smpusdk-yocto-build/build/yocto-build_am62xx-lp-evm-rt/build/arago-tmp-default-glibc/work/x86_64-nativesdk-arago-linux/nativesdk-ti-cgt-pru/2.3.3/ti-cgt-pru-2.3.3/ti-cgt-pru_2.3.3/include/stlport/iomanip
Unpacking /mnt/smpusdk-yocto-build/build/yocto-build_am62xx-lp-evm-rt/build/arago-tmp-default-glibc/work/x86_64-nativesdk-arago-linux/nativesdk-ti-cgt-pru/2.3.3/ti-cgt-pru-2.3.3/ti-cgt-pru_2.3.3/include/stlport/s__tempbuf.h
Unpacking /mnt/smpusdk-yocto-build/build/yocto-build_am62xx-lp-evm-rt/build/arago-tmp-default-glibc/work/x86_64-nativesdk-arago-linux/nativesdk-ti-cgt-pru/2.3.3/ti-cgt-pru-2.3.3/ti-cgt-pru_2.3.3/include/stlport/locale
Unpacking /mnt/smpusdk-yocto-build/build/yocto-build_am62xx-lp-evm-rt/build/arago-tmp-default-glibc/work/x86_64-nativesdk-arago-linux/nativesdk-ti-cgt-pru/2.3.3/ti-cgt-pru-2.3.3/ti-cgt-pru_2.3.3/include/stlport/s__relops_cont.h
Unpacking /mnt/smpusdk-yocto-build/build/yocto-build_am62xx-lp-evm-rt/build/arago-tmp-default-glibc/work/x86_64-nativesdk-arago-linux/nativesdk-ti-cgt-pru/2.3.3/ti-cgt-pru-2.3.3/ti-cgt-pru_2.3.3/include/stlport/s__iomanip.h
Unpacking /mnt/smpusdk-yocto-build/build/yocto-build_am62xx-lp-evm-rt/build/arago-tmp-default-glibc/work/x86_64-nativesdk-arago-linux/nativesdk-ti-cgt-pru/2.3.3/ti-cgt-pru-2.3.3/ti-cgt-pru_2.3.3/include/stlport/s_p__list.h
Unpacking /mnt/smpusdk-yocto-build/build/yocto-build_am62xx-lp-evm-rt/build/arago-tmp-default-glibc/work/x86_64-nativesdk-arago-linux/nativesdk-ti-cgt-pru/2.3.3/ti-cgt-pru-2.3.3/ti-cgt-pru_2.3.3/include/stlport/stack
Unpacking /mnt/smpusdk-yocto-build/build/yocto-build_am62xx-lp-evm-rt/build/arago-tmp-default-glibc/work/x86_64-nativesdk-arago-linux/nativesdk-ti-cgt-pru/2.3.3/ti-cgt-pru-2.3.3/ti-cgt-pru_2.3.3/include/stlport/type_traits
Unpacking /mnt/smpusdk-yocto-build/build/yocto-build_am62xx-lp-evm-rt/build/arago-tmp-default-glibc/work/x86_64-nativesdk-arago-linux/nativesdk-ti-cgt-pru/2.3.3/ti-cgt-pru-2.3.3/ti-cgt-pru_2.3.3/include/stlport/clocale
Unpacking /mnt/smpusdk-yocto-build/build/yocto-build_am62xx-lp-evm-rt/build/arago-tmp-default-glibc/work/x86_64-nativesdk-arago-linux/nativesdk-ti-cgt-pru/2.3.3/ti-cgt-pru-2.3.3/ti-cgt-pru_2.3.3/include/stlport/string
Unpacking /mnt/smpusdk-yocto-build/build/yocto-build_am62xx-lp-evm-rt/build/arago-tmp-default-glibc/work/x86_64-nativesdk-arago-linux/nativesdk-ti-cgt-pru/2.3.3/ti-cgt-pru-2.3.3/ti-cgt-pru_2.3.3/include/stlport/cerrno
Unpacking /mnt/smpusdk-yocto-build/build/yocto-build_am62xx-lp-evm-rt/build/arago-tmp-default-glibc/work/x86_64-nativesdk-arago-linux/nativesdk-ti-cgt-pru/2.3.3/ti-cgt-pru-2.3.3/ti-cgt-pru_2.3.3/include/stlport/s__algo.h
Unpacking /mnt/smpusdk-yocto-build/build/yocto-build_am62xx-lp-evm-rt/build/arago-tmp-default-glibc/work/x86_64-nativesdk-arago-linux/nativesdk-ti-cgt-pru/2.3.3/ti-cgt-pru-2.3.3/ti-cgt-pru_2.3.3/include/stlport/s__stlport_version.h
Unpacking /mnt/smpusdk-yocto-build/build/yocto-build_am62xx-lp-evm-rt/build/arago-tmp-default-glibc/work/x86_64-nativesdk-arago-linux/nativesdk-ti-cgt-pru/2.3.3/ti-cgt-pru-2.3.3/ti-cgt-pru_2.3.3/include/stlport/s__cstddef.h
Unpacking /mnt/smpusdk-yocto-build/build/yocto-build_am62xx-lp-evm-rt/build/arago-tmp-default-glibc/work/x86_64-nativesdk-arago-linux/nativesdk-ti-cgt-pru/2.3.3/ti-cgt-pru-2.3.3/ti-cgt-pru_2.3.3/include/stlport/s__istream.h
Unpacking /mnt/smpusdk-yocto-build/build/yocto-build_am62xx-lp-evm-rt/build/arago-tmp-default-glibc/work/x86_64-nativesdk-arago-linux/nativesdk-ti-cgt-pru/2.3.3/ti-cgt-pru-2.3.3/ti-cgt-pru_2.3.3/include/stlport/s__relops_hash_cont.h
Unpacking /mnt/smpusdk-yocto-build/build/yocto-build_am62xx-lp-evm-rt/build/arago-tmp-default-glibc/work/x86_64-nativesdk-arago-linux/nativesdk-ti-cgt-pru/2.3.3/ti-cgt-pru-2.3.3/ti-cgt-pru_2.3.3/include/stlport/s__messages_facets.h
Unpacking /mnt/smpusdk-yocto-build/build/yocto-build_am62xx-lp-evm-rt/build/arago-tmp-default-glibc/work/x86_64-nativesdk-arago-linux/nativesdk-ti-cgt-pru/2.3.3/ti-cgt-pru-2.3.3/ti-cgt-pru_2.3.3/include/stlport/s__numeric.h
Unpacking /mnt/smpusdk-yocto-build/build/yocto-build_am62xx-lp-evm-rt/build/arago-tmp-default-glibc/work/x86_64-nativesdk-arago-linux/nativesdk-ti-cgt-pru/2.3.3/ti-cgt-pru-2.3.3/ti-cgt-pru_2.3.3/include/stlport/s_c__prolog.h
Unpacking /mnt/smpusdk-yocto-build/build/yocto-build_am62xx-lp-evm-rt/build/arago-tmp-default-glibc/work/x86_64-nativesdk-arago-linux/nativesdk-ti-cgt-pru/2.3.3/ti-cgt-pru-2.3.3/ti-cgt-pru_2.3.3/include/stlport/utility
Unpacking /mnt/smpusdk-yocto-build/build/yocto-build_am62xx-lp-evm-rt/build/arago-tmp-default-glibc/work/x86_64-nativesdk-arago-linux/nativesdk-ti-cgt-pru/2.3.3/ti-cgt-pru-2.3.3/ti-cgt-pru_2.3.3/include/stlport/s__range_errors.c
Unpacking /mnt/smpusdk-yocto-build/build/yocto-build_am62xx-lp-evm-rt/build/arago-tmp-default-glibc/work/x86_64-nativesdk-arago-linux/nativesdk-ti-cgt-pru/2.3.3/ti-cgt-pru-2.3.3/ti-cgt-pru_2.3.3/include/stlport/s__istreambuf_iterator.h
Unpacking /mnt/smpusdk-yocto-build/build/yocto-build_am62xx-lp-evm-rt/build/arago-tmp-default-glibc/work/x86_64-nativesdk-arago-linux/nativesdk-ti-cgt-pru/2.3.3/ti-cgt-pru-2.3.3/ti-cgt-pru_2.3.3/include/stlport/s_p__slist.h
Unpacking /mnt/smpusdk-yocto-build/build/yocto-build_am62xx-lp-evm-rt/build/arago-tmp-default-glibc/work/x86_64-nativesdk-arago-linux/nativesdk-ti-cgt-pru/2.3.3/ti-cgt-pru-2.3.3/ti-cgt-pru_2.3.3/include/stlport/s__string_sum_methods.h
Unpacking /mnt/smpusdk-yocto-build/build/yocto-build_am62xx-lp-evm-rt/build/arago-tmp-default-glibc/work/x86_64-nativesdk-arago-linux/nativesdk-ti-cgt-pru/2.3.3/ti-cgt-pru-2.3.3/ti-cgt-pru_2.3.3/include/stlport/s__istream.c
Unpacking /mnt/smpusdk-yocto-build/build/yocto-build_am62xx-lp-evm-rt/build/arago-tmp-default-glibc/work/x86_64-nativesdk-arago-linux/nativesdk-ti-cgt-pru/2.3.3/ti-cgt-pru-2.3.3/ti-cgt-pru_2.3.3/include/stlport/s__string_io.h
Unpacking /mnt/smpusdk-yocto-build/build/yocto-build_am62xx-lp-evm-rt/build/arago-tmp-default-glibc/work/x86_64-nativesdk-arago-linux/nativesdk-ti-cgt-pru/2.3.3/ti-cgt-pru-2.3.3/ti-cgt-pru_2.3.3/include/stlport/s__string_fwd.h
Unpacking /mnt/smpusdk-yocto-build/build/yocto-build_am62xx-lp-evm-rt/build/arago-tmp-default-glibc/work/x86_64-nativesdk-arago-linux/nativesdk-ti-cgt-pru/2.3.3/ti-cgt-pru-2.3.3/ti-cgt-pru_2.3.3/include/stlport/s__ioserr.h
Unpacking /mnt/smpusdk-yocto-build/build/yocto-build_am62xx-lp-evm-rt/build/arago-tmp-default-glibc/work/x86_64-nativesdk-arago-linux/nativesdk-ti-cgt-pru/2.3.3/ti-cgt-pru-2.3.3/ti-cgt-pru_2.3.3/include/stlport/new
Unpacking /mnt/smpusdk-yocto-build/build/yocto-build_am62xx-lp-evm-rt/build/arago-tmp-default-glibc/work/x86_64-nativesdk-arago-linux/nativesdk-ti-cgt-pru/2.3.3/ti-cgt-pru-2.3.3/ti-cgt-pru_2.3.3/include/stlport/s_c__ti.h
Unpacking /mnt/smpusdk-yocto-build/build/yocto-build_am62xx-lp-evm-rt/build/arago-tmp-default-glibc/work/x86_64-nativesdk-arago-linux/nativesdk-ti-cgt-pru/2.3.3/ti-cgt-pru-2.3.3/ti-cgt-pru_2.3.3/include/stlport/iostream
Unpacking /mnt/smpusdk-yocto-build/build/yocto-build_am62xx-lp-evm-rt/build/arago-tmp-default-glibc/work/x86_64-nativesdk-arago-linux/nativesdk-ti-cgt-pru/2.3.3/ti-cgt-pru-2.3.3/ti-cgt-pru_2.3.3/include/stlport/csetjmp
Unpacking /mnt/smpusdk-yocto-build/build/yocto-build_am62xx-lp-evm-rt/build/arago-tmp-default-glibc/work/x86_64-nativesdk-arago-linux/nativesdk-ti-cgt-pru/2.3.3/ti-cgt-pru-2.3.3/ti-cgt-pru_2.3.3/include/stlport/s__string.c
Unpacking /mnt/smpusdk-yocto-build/build/yocto-build_am62xx-lp-evm-rt/build/arago-tmp-default-glibc/work/x86_64-nativesdk-arago-linux/nativesdk-ti-cgt-pru/2.3.3/ti-cgt-pru-2.3.3/ti-cgt-pru_2.3.3/include/stlport/exception
Unpacking /mnt/smpusdk-yocto-build/build/yocto-build_am62xx-lp-evm-rt/build/arago-tmp-default-glibc/work/x86_64-nativesdk-arago-linux/nativesdk-ti-cgt-pru/2.3.3/ti-cgt-pru-2.3.3/ti-cgt-pru_2.3.3/include/stlport/s_char_traits.h
Unpacking /mnt/smpusdk-yocto-build/build/yocto-build_am62xx-lp-evm-rt/build/arago-tmp-default-glibc/work/x86_64-nativesdk-arago-linux/nativesdk-ti-cgt-pru/2.3.3/ti-cgt-pru-2.3.3/ti-cgt-pru_2.3.3/include/stlport/s__tree.c
Unpacking /mnt/smpusdk-yocto-build/build/yocto-build_am62xx-lp-evm-rt/build/arago-tmp-default-glibc/work/x86_64-nativesdk-arago-linux/nativesdk-ti-cgt-pru/2.3.3/ti-cgt-pru-2.3.3/ti-cgt-pru_2.3.3/include/stlport/hash_set
Unpacking /mnt/smpusdk-yocto-build/build/yocto-build_am62xx-lp-evm-rt/build/arago-tmp-default-glibc/work/x86_64-nativesdk-arago-linux/nativesdk-ti-cgt-pru/2.3.3/ti-cgt-pru-2.3.3/ti-cgt-pru_2.3.3/include/stlport/strstream
Unpacking /mnt/smpusdk-yocto-build/build/yocto-build_am62xx-lp-evm-rt/build/arago-tmp-default-glibc/work/x86_64-nativesdk-arago-linux/nativesdk-ti-cgt-pru/2.3.3/ti-cgt-pru-2.3.3/ti-cgt-pru_2.3.3/include/stlport/ios
Unpacking /mnt/smpusdk-yocto-build/build/yocto-build_am62xx-lp-evm-rt/build/arago-tmp-default-glibc/work/x86_64-nativesdk-arago-linux/nativesdk-ti-cgt-pru/2.3.3/ti-cgt-pru-2.3.3/ti-cgt-pru_2.3.3/include/stlport/s__rope.c
Unpacking /mnt/smpusdk-yocto-build/build/yocto-build_am62xx-lp-evm-rt/build/arago-tmp-default-glibc/work/x86_64-nativesdk-arago-linux/nativesdk-ti-cgt-pru/2.3.3/ti-cgt-pru-2.3.3/ti-cgt-pru_2.3.3/include/stlport/s__hash_map.h
Unpacking /mnt/smpusdk-yocto-build/build/yocto-build_am62xx-lp-evm-rt/build/arago-tmp-default-glibc/work/x86_64-nativesdk-arago-linux/nativesdk-ti-cgt-pru/2.3.3/ti-cgt-pru-2.3.3/ti-cgt-pru_2.3.3/include/stlport/functional
Unpacking /mnt/smpusdk-yocto-build/build/yocto-build_am62xx-lp-evm-rt/build/arago-tmp-default-glibc/work/x86_64-nativesdk-arago-linux/nativesdk-ti-cgt-pru/2.3.3/ti-cgt-pru-2.3.3/ti-cgt-pru_2.3.3/include/stlport/s__alloc.c
Unpacking /mnt/smpusdk-yocto-build/build/yocto-build_am62xx-lp-evm-rt/build/arago-tmp-default-glibc/work/x86_64-nativesdk-arago-linux/nativesdk-ti-cgt-pru/2.3.3/ti-cgt-pru-2.3.3/ti-cgt-pru_2.3.3/include/stlport/climits
Unpacking /mnt/smpusdk-yocto-build/build/yocto-build_am62xx-lp-evm-rt/build/arago-tmp-default-glibc/work/x86_64-nativesdk-arago-linux/nativesdk-ti-cgt-pru/2.3.3/ti-cgt-pru-2.3.3/ti-cgt-pru_2.3.3/include/stlport/set
Unpacking /mnt/smpusdk-yocto-build/build/yocto-build_am62xx-lp-evm-rt/build/arago-tmp-default-glibc/work/x86_64-nativesdk-arago-linux/nativesdk-ti-cgt-pru/2.3.3/ti-cgt-pru-2.3.3/ti-cgt-pru_2.3.3/include/stlport/s_c_compat.h
Unpacking /mnt/smpusdk-yocto-build/build/yocto-build_am62xx-lp-evm-rt/build/arago-tmp-default-glibc/work/x86_64-nativesdk-arago-linux/nativesdk-ti-cgt-pru/2.3.3/ti-cgt-pru-2.3.3/ti-cgt-pru_2.3.3/include/stlport/s__stack.h
Unpacking /mnt/smpusdk-yocto-build/build/yocto-build_am62xx-lp-evm-rt/build/arago-tmp-default-glibc/work/x86_64-nativesdk-arago-linux/nativesdk-ti-cgt-pru/2.3.3/ti-cgt-pru-2.3.3/ti-cgt-pru_2.3.3/include/stlport/s_type_traits.h
Unpacking /mnt/smpusdk-yocto-build/build/yocto-build_am62xx-lp-evm-rt/build/arago-tmp-default-glibc/work/x86_64-nativesdk-arago-linux/nativesdk-ti-cgt-pru/2.3.3/ti-cgt-pru-2.3.3/ti-cgt-pru_2.3.3/include/stlport/s__stdexcept_base.c
Unpacking /mnt/smpusdk-yocto-build/build/yocto-build_am62xx-lp-evm-rt/build/arago-tmp-default-glibc/work/x86_64-nativesdk-arago-linux/nativesdk-ti-cgt-pru/2.3.3/ti-cgt-pru-2.3.3/ti-cgt-pru_2.3.3/include/stlport/s__deque.c
Unpacking /mnt/smpusdk-yocto-build/build/yocto-build_am62xx-lp-evm-rt/build/arago-tmp-default-glibc/work/x86_64-nativesdk-arago-linux/nativesdk-ti-cgt-pru/2.3.3/ti-cgt-pru-2.3.3/ti-cgt-pru_2.3.3/include/stlport/s_p__vector.h
Unpacking /mnt/smpusdk-yocto-build/build/yocto-build_am62xx-lp-evm-rt/build/arago-tmp-default-glibc/work/x86_64-nativesdk-arago-linux/nativesdk-ti-cgt-pru/2.3.3/ti-cgt-pru-2.3.3/ti-cgt-pru_2.3.3/include/stlport/s__streambuf.c
Unpacking /mnt/smpusdk-yocto-build/build/yocto-build_am62xx-lp-evm-rt/build/arago-tmp-default-glibc/work/x86_64-nativesdk-arago-linux/nativesdk-ti-cgt-pru/2.3.3/ti-cgt-pru-2.3.3/ti-cgt-pru_2.3.3/include/stlport/s__threads.h
Unpacking /mnt/smpusdk-yocto-build/build/yocto-build_am62xx-lp-evm-rt/build/arago-tmp-default-glibc/work/x86_64-nativesdk-arago-linux/nativesdk-ti-cgt-pru/2.3.3/ti-cgt-pru-2.3.3/ti-cgt-pru_2.3.3/include/stlport/streambuf
Unpacking /mnt/smpusdk-yocto-build/build/yocto-build_am62xx-lp-evm-rt/build/arago-tmp-default-glibc/work/x86_64-nativesdk-arago-linux/nativesdk-ti-cgt-pru/2.3.3/ti-cgt-pru-2.3.3/ti-cgt-pru_2.3.3/include/stlport/vector
Unpacking /mnt/smpusdk-yocto-build/build/yocto-build_am62xx-lp-evm-rt/build/arago-tmp-default-glibc/work/x86_64-nativesdk-arago-linux/nativesdk-ti-cgt-pru/2.3.3/ti-cgt-pru-2.3.3/ti-cgt-pru_2.3.3/include/stlport/s__hash_fun.h
Unpacking /mnt/smpusdk-yocto-build/build/yocto-build_am62xx-lp-evm-rt/build/arago-tmp-default-glibc/work/x86_64-nativesdk-arago-linux/nativesdk-ti-cgt-pru/2.3.3/ti-cgt-pru-2.3.3/ti-cgt-pru_2.3.3/include/stlport/s__set.h
Unpacking /mnt/smpusdk-yocto-build/build/yocto-build_am62xx-lp-evm-rt/build/arago-tmp-default-glibc/work/x86_64-nativesdk-arago-linux/nativesdk-ti-cgt-pru/2.3.3/ti-cgt-pru-2.3.3/ti-cgt-pru_2.3.3/include/stlport/s__iostream_string.h
Unpacking /mnt/smpusdk-yocto-build/build/yocto-build_am62xx-lp-evm-rt/build/arago-tmp-default-glibc/work/x86_64-nativesdk-arago-linux/nativesdk-ti-cgt-pru/2.3.3/ti-cgt-pru-2.3.3/ti-cgt-pru_2.3.3/include/stlport/s__string_base.h
Unpacking /mnt/smpusdk-yocto-build/build/yocto-build_am62xx-lp-evm-rt/build/arago-tmp-default-glibc/work/x86_64-nativesdk-arago-linux/nativesdk-ti-cgt-pru/2.3.3/ti-cgt-pru-2.3.3/ti-cgt-pru_2.3.3/include/stlport/rope
Unpacking /mnt/smpusdk-yocto-build/build/yocto-build_am62xx-lp-evm-rt/build/arago-tmp-default-glibc/work/x86_64-nativesdk-arago-linux/nativesdk-ti-cgt-pru/2.3.3/ti-cgt-pru-2.3.3/ti-cgt-pru_2.3.3/include/stlport/s__string_sum.h
Unpacking /mnt/smpusdk-yocto-build/build/yocto-build_am62xx-lp-evm-rt/build/arago-tmp-default-glibc/work/x86_64-nativesdk-arago-linux/nativesdk-ti-cgt-pru/2.3.3/ti-cgt-pru-2.3.3/ti-cgt-pru_2.3.3/include/stlport/sstream
Unpacking /mnt/smpusdk-yocto-build/build/yocto-build_am62xx-lp-evm-rt/build/arago-tmp-default-glibc/work/x86_64-nativesdk-arago-linux/nativesdk-ti-cgt-pru/2.3.3/ti-cgt-pru-2.3.3/ti-cgt-pru_2.3.3/include/stlport/s__string.h
Unpacking /mnt/smpusdk-yocto-build/build/yocto-build_am62xx-lp-evm-rt/build/arago-tmp-default-glibc/work/x86_64-nativesdk-arago-linux/nativesdk-ti-cgt-pru/2.3.3/ti-cgt-pru-2.3.3/ti-cgt-pru_2.3.3/include/stlport/s_boost_type_traits.h
Unpacking /mnt/smpusdk-yocto-build/build/yocto-build_am62xx-lp-evm-rt/build/arago-tmp-default-glibc/work/x86_64-nativesdk-arago-linux/nativesdk-ti-cgt-pru/2.3.3/ti-cgt-pru-2.3.3/ti-cgt-pru_2.3.3/include/stlport/s__cctype.h
Unpacking /mnt/smpusdk-yocto-build/build/yocto-build_am62xx-lp-evm-rt/build/arago-tmp-default-glibc/work/x86_64-nativesdk-arago-linux/nativesdk-ti-cgt-pru/2.3.3/ti-cgt-pru-2.3.3/ti-cgt-pru_2.3.3/include/stlport/cwctype
Unpacking /mnt/smpusdk-yocto-build/build/yocto-build_am62xx-lp-evm-rt/build/arago-tmp-default-glibc/work/x86_64-nativesdk-arago-linux/nativesdk-ti-cgt-pru/2.3.3/ti-cgt-pru-2.3.3/ti-cgt-pru_2.3.3/include/stlport/pthread_alloc
Unpacking /mnt/smpusdk-yocto-build/build/yocto-build_am62xx-lp-evm-rt/build/arago-tmp-default-glibc/work/x86_64-nativesdk-arago-linux/nativesdk-ti-cgt-pru/2.3.3/ti-cgt-pru-2.3.3/ti-cgt-pru_2.3.3/include/stlport/s__stdexcept_base.h
Unpacking /mnt/smpusdk-yocto-build/build/yocto-build_am62xx-lp-evm-rt/build/arago-tmp-default-glibc/work/x86_64-nativesdk-arago-linux/nativesdk-ti-cgt-pru/2.3.3/ti-cgt-pru-2.3.3/ti-cgt-pru_2.3.3/include/stlport/s__new.h
Unpacking /mnt/smpusdk-yocto-build/build/yocto-build_am62xx-lp-evm-rt/build/arago-tmp-default-glibc/work/x86_64-nativesdk-arago-linux/nativesdk-ti-cgt-pru/2.3.3/ti-cgt-pru-2.3.3/ti-cgt-pru_2.3.3/include/stlport/istream
Unpacking /mnt/smpusdk-yocto-build/build/yocto-build_am62xx-lp-evm-rt/build/arago-tmp-default-glibc/work/x86_64-nativesdk-arago-linux/nativesdk-ti-cgt-pru/2.3.3/ti-cgt-pru-2.3.3/ti-cgt-pru_2.3.3/include/stlport/s__bitset.c
Unpacking /mnt/smpusdk-yocto-build/build/yocto-build_am62xx-lp-evm-rt/build/arago-tmp-default-glibc/work/x86_64-nativesdk-arago-linux/nativesdk-ti-cgt-pru/2.3.3/ti-cgt-pru-2.3.3/ti-cgt-pru_2.3.3/include/stlport/s__limits.h
Unpacking /mnt/smpusdk-yocto-build/build/yocto-build_am62xx-lp-evm-rt/build/arago-tmp-default-glibc/work/x86_64-nativesdk-arago-linux/nativesdk-ti-cgt-pru/2.3.3/ti-cgt-pru-2.3.3/ti-cgt-pru_2.3.3/include/stlport/s_p__tools.h
Unpacking /mnt/smpusdk-yocto-build/build/yocto-build_am62xx-lp-evm-rt/build/arago-tmp-default-glibc/work/x86_64-nativesdk-arago-linux/nativesdk-ti-cgt-pru/2.3.3/ti-cgt-pru-2.3.3/ti-cgt-pru_2.3.3/include/stlport/cwchar
Unpacking /mnt/smpusdk-yocto-build/build/yocto-build_am62xx-lp-evm-rt/build/arago-tmp-default-glibc/work/x86_64-nativesdk-arago-linux/nativesdk-ti-cgt-pru/2.3.3/ti-cgt-pru-2.3.3/ti-cgt-pru_2.3.3/include/stlport/s__cwctype.h
Unpacking /mnt/smpusdk-yocto-build/build/yocto-build_am62xx-lp-evm-rt/build/arago-tmp-default-glibc/work/x86_64-nativesdk-arago-linux/nativesdk-ti-cgt-pru/2.3.3/ti-cgt-pru-2.3.3/ti-cgt-pru_2.3.3/include/stlport/s_d__debug.h
Unpacking /mnt/smpusdk-yocto-build/build/yocto-build_am62xx-lp-evm-rt/build/arago-tmp-default-glibc/work/x86_64-nativesdk-arago-linux/nativesdk-ti-cgt-pru/2.3.3/ti-cgt-pru-2.3.3/ti-cgt-pru_2.3.3/include/stlport/s__function_base.h
Unpacking /mnt/smpusdk-yocto-build/build/yocto-build_am62xx-lp-evm-rt/build/arago-tmp-default-glibc/work/x86_64-nativesdk-arago-linux/nativesdk-ti-cgt-pru/2.3.3/ti-cgt-pru-2.3.3/ti-cgt-pru_2.3.3/include/stlport/s__tree.h
Unpacking /mnt/smpusdk-yocto-build/build/yocto-build_am62xx-lp-evm-rt/build/arago-tmp-default-glibc/work/x86_64-nativesdk-arago-linux/nativesdk-ti-cgt-pru/2.3.3/ti-cgt-pru-2.3.3/ti-cgt-pru_2.3.3/include/stlport/s__hashtable.c
Unpacking /mnt/smpusdk-yocto-build/build/yocto-build_am62xx-lp-evm-rt/build/arago-tmp-default-glibc/work/x86_64-nativesdk-arago-linux/nativesdk-ti-cgt-pru/2.3.3/ti-cgt-pru-2.3.3/ti-cgt-pru_2.3.3/include/stlport/s__pthread_alloc.h
Unpacking /mnt/smpusdk-yocto-build/build/yocto-build_am62xx-lp-evm-rt/build/arago-tmp-default-glibc/work/x86_64-nativesdk-arago-linux/nativesdk-ti-cgt-pru/2.3.3/ti-cgt-pru-2.3.3/ti-cgt-pru_2.3.3/include/stlport/memory
Unpacking /mnt/smpusdk-yocto-build/build/yocto-build_am62xx-lp-evm-rt/build/arago-tmp-default-glibc/work/x86_64-nativesdk-arago-linux/nativesdk-ti-cgt-pru/2.3.3/ti-cgt-pru-2.3.3/ti-cgt-pru_2.3.3/include/stlport/s__alloc.h
Unpacking /mnt/smpusdk-yocto-build/build/yocto-build_am62xx-lp-evm-rt/build/arago-tmp-default-glibc/work/x86_64-nativesdk-arago-linux/nativesdk-ti-cgt-pru/2.3.3/ti-cgt-pru-2.3.3/ti-cgt-pru_2.3.3/include/stlport/s__ostream.c
Unpacking /mnt/smpusdk-yocto-build/build/yocto-build_am62xx-lp-evm-rt/build/arago-tmp-default-glibc/work/x86_64-nativesdk-arago-linux/nativesdk-ti-cgt-pru/2.3.3/ti-cgt-pru-2.3.3/ti-cgt-pru_2.3.3/include/stlport/cassert
Unpacking /mnt/smpusdk-yocto-build/build/yocto-build_am62xx-lp-evm-rt/build/arago-tmp-default-glibc/work/x86_64-nativesdk-arago-linux/nativesdk-ti-cgt-pru/2.3.3/ti-cgt-pru-2.3.3/ti-cgt-pru_2.3.3/include/stlport/cstdlib
Unpacking /mnt/smpusdk-yocto-build/build/yocto-build_am62xx-lp-evm-rt/build/arago-tmp-default-glibc/work/x86_64-nativesdk-arago-linux/nativesdk-ti-cgt-pru/2.3.3/ti-cgt-pru-2.3.3/ti-cgt-pru_2.3.3/include/stlport/cfloat
Unpacking /mnt/smpusdk-yocto-build/build/yocto-build_am62xx-lp-evm-rt/build/arago-tmp-default-glibc/work/x86_64-nativesdk-arago-linux/nativesdk-ti-cgt-pru/2.3.3/ti-cgt-pru-2.3.3/ti-cgt-pru_2.3.3/include/stlport/s__numpunct.h
Unpacking /mnt/smpusdk-yocto-build/build/yocto-build_am62xx-lp-evm-rt/build/arago-tmp-default-glibc/work/x86_64-nativesdk-arago-linux/nativesdk-ti-cgt-pru/2.3.3/ti-cgt-pru-2.3.3/ti-cgt-pru_2.3.3/include/stlport/s__threads.c
Unpacking /mnt/smpusdk-yocto-build/build/yocto-build_am62xx-lp-evm-rt/build/arago-tmp-default-glibc/work/x86_64-nativesdk-arago-linux/nativesdk-ti-cgt-pru/2.3.3/ti-cgt-pru-2.3.3/ti-cgt-pru_2.3.3/include/stlport/s__iterator.h
Unpacking /mnt/smpusdk-yocto-build/build/yocto-build_am62xx-lp-evm-rt/build/arago-tmp-default-glibc/work/x86_64-nativesdk-arago-linux/nativesdk-ti-cgt-pru/2.3.3/ti-cgt-pru-2.3.3/ti-cgt-pru_2.3.3/include/stlport/s__hash_set.h
Unpacking /mnt/smpusdk-yocto-build/build/yocto-build_am62xx-lp-evm-rt/build/arago-tmp-default-glibc/work/x86_64-nativesdk-arago-linux/nativesdk-ti-cgt-pru/2.3.3/ti-cgt-pru-2.3.3/ti-cgt-pru_2.3.3/include/stlport/s__fstream.c
Unpacking /mnt/smpusdk-yocto-build/build/yocto-build_am62xx-lp-evm-rt/build/arago-tmp-default-glibc/work/x86_64-nativesdk-arago-linux/nativesdk-ti-cgt-pru/2.3.3/ti-cgt-pru-2.3.3/ti-cgt-pru_2.3.3/include/stlport/s__function.h
Unpacking /mnt/smpusdk-yocto-build/build/yocto-build_am62xx-lp-evm-rt/build/arago-tmp-default-glibc/work/x86_64-nativesdk-arago-linux/nativesdk-ti-cgt-pru/2.3.3/ti-cgt-pru-2.3.3/ti-cgt-pru_2.3.3/include/stlport/s__cstdarg.h
Unpacking /mnt/smpusdk-yocto-build/build/yocto-build_am62xx-lp-evm-rt/build/arago-tmp-default-glibc/work/x86_64-nativesdk-arago-linux/nativesdk-ti-cgt-pru/2.3.3/ti-cgt-pru-2.3.3/ti-cgt-pru_2.3.3/include/stlport/s__ctime.h
Unpacking /mnt/smpusdk-yocto-build/build/yocto-build_am62xx-lp-evm-rt/build/arago-tmp-default-glibc/work/x86_64-nativesdk-arago-linux/nativesdk-ti-cgt-pru/2.3.3/ti-cgt-pru-2.3.3/ti-cgt-pru_2.3.3/include/stlport/s_c_locale.h
Unpacking /mnt/smpusdk-yocto-build/build/yocto-build_am62xx-lp-evm-rt/build/arago-tmp-default-glibc/work/x86_64-nativesdk-arago-linux/nativesdk-ti-cgt-pru/2.3.3/ti-cgt-pru-2.3.3/ti-cgt-pru_2.3.3/include/stlport/s__clocale.h
Unpacking /mnt/smpusdk-yocto-build/build/yocto-build_am62xx-lp-evm-rt/build/arago-tmp-default-glibc/work/x86_64-nativesdk-arago-linux/nativesdk-ti-cgt-pru/2.3.3/ti-cgt-pru-2.3.3/ti-cgt-pru_2.3.3/include/stlport/s__range_errors.h
Unpacking /mnt/smpusdk-yocto-build/build/yocto-build_am62xx-lp-evm-rt/build/arago-tmp-default-glibc/work/x86_64-nativesdk-arago-linux/nativesdk-ti-cgt-pru/2.3.3/ti-cgt-pru-2.3.3/ti-cgt-pru_2.3.3/include/stlport/s__ptrs_specialize.h
Unpacking /mnt/smpusdk-yocto-build/build/yocto-build_am62xx-lp-evm-rt/build/arago-tmp-default-glibc/work/x86_64-nativesdk-arago-linux/nativesdk-ti-cgt-pru/2.3.3/ti-cgt-pru-2.3.3/ti-cgt-pru_2.3.3/include/stlport/s__tempbuf.c
Unpacking /mnt/smpusdk-yocto-build/build/yocto-build_am62xx-lp-evm-rt/build/arago-tmp-default-glibc/work/x86_64-nativesdk-arago-linux/nativesdk-ti-cgt-pru/2.3.3/ti-cgt-pru-2.3.3/ti-cgt-pru_2.3.3/include/stlport/s__slist.h
Unpacking /mnt/smpusdk-yocto-build/build/yocto-build_am62xx-lp-evm-rt/build/arago-tmp-default-glibc/work/x86_64-nativesdk-arago-linux/nativesdk-ti-cgt-pru/2.3.3/ti-cgt-pru-2.3.3/ti-cgt-pru_2.3.3/include/stlport/unordered_set
Creating Uninstaller
Creating uninstaller 25%
Creating uninstaller 50%
Creating uninstaller 75%
Creating uninstaller 100%
Installation completed
Log finished 07/28/2024 at 11:53:31
